qrels,system,ndcg@10,ndcg@20,ndcg@100,recall@100,judged_rate@10,judged_rate@100
codex_gpt5_5_medium,bm25,0.4139611685119936,0.4131074837598811,0.4105620265872101,0.10808794569429726,1.0,1.0
codex_gpt5_5_medium,current_mixedbread_pointwise_1000,0.4080355596342444,0.3860584799351496,0.32200581376972637,0.07606275869854441,0.6772727272727272,0.545
codex_gpt5_5_medium,current_mixedbread_first_listwise,0.417329090913317,0.3994589844237615,0.3244763825655611,0.07606275869854441,0.6590909090909091,0.545
qwen3_5_9b,bm25,0.42375652776089207,0.4383592389492075,0.48759044184350064,0.09716597365715035,1.0,1.0
qwen3_5_9b,current_mixedbread_pointwise_1000,0.3777518671733826,0.38070875941765736,0.35455158178347496,0.06944621714617522,0.6772727272727272,0.545
qwen3_5_9b,current_mixedbread_first_listwise,0.3838572051157746,0.3878340141535974,0.35621733137517125,0.06944621714617522,0.6590909090909091,0.545
ministral_3_14b,bm25,0.5424925399460053,0.5240148218380003,0.5234836601387972,0.09385603236579053,1.0,1.0
ministral_3_14b,current_mixedbread_pointwise_1000,0.509586213961708,0.48901616676915105,0.40138539245884197,0.05903171754451333,0.6772727272727272,0.545
ministral_3_14b,current_mixedbread_first_listwise,0.5516863382156477,0.5179888407102752,0.408004778494926,0.05903171754451333,0.6590909090909091,0.545
