qrels,metric,baseline,candidate,mean_delta,ci_low,ci_high,p_value,wins,ties,losses,bootstrap_samples,randomization_samples
codex_gpt5_5_medium,ndcg@10,bm25,current_mixedbread_pointwise_1000,-0.005925608877749165,-0.1022936741700158,0.10032940958992578,0.9175616487670246,7,0,15,20000,50000
codex_gpt5_5_medium,ndcg@20,bm25,current_mixedbread_pointwise_1000,-0.02704900382473149,-0.10454695339470237,0.059832301925128784,0.5432891342173156,8,0,14,20000,50000
codex_gpt5_5_medium,ndcg@100,bm25,current_mixedbread_pointwise_1000,-0.08855621281748374,-0.14161391387441757,-0.02892959924178595,0.008119837603247936,5,0,17,20000,50000
codex_gpt5_5_medium,ndcg@10,bm25,current_mixedbread_first_listwise,0.0033679224013233645,-0.0926183657084653,0.1094144997257658,0.9547809043819123,10,0,12,20000,50000
codex_gpt5_5_medium,ndcg@20,bm25,current_mixedbread_first_listwise,-0.013648499336119575,-0.0943626509496943,0.07145904626131389,0.760104797904042,12,0,10,20000,50000
codex_gpt5_5_medium,ndcg@100,bm25,current_mixedbread_first_listwise,-0.086085644021649,-0.14078596964738932,-0.025331298894877466,0.009139817203655927,6,0,16,20000,50000
codex_gpt5_5_medium,ndcg@10,current_mixedbread_pointwise_1000,current_mixedbread_first_listwise,0.009293531279072526,-0.050229168546991464,0.06877262055313381,0.7664646707065859,12,0,10,20000,50000
codex_gpt5_5_medium,ndcg@20,current_mixedbread_pointwise_1000,current_mixedbread_first_listwise,0.013400504488611915,-0.019328633847844914,0.04821343455012109,0.4512509749805004,12,0,10,20000,50000
codex_gpt5_5_medium,ndcg@100,current_mixedbread_pointwise_1000,current_mixedbread_first_listwise,0.0024705687958347304,-0.008064731160559993,0.013297526844142937,0.6681266374672507,11,0,11,20000,50000
qwen3_5_9b,ndcg@10,bm25,current_mixedbread_pointwise_1000,-0.046004660587509495,-0.1144210105598204,0.02463407646999309,0.22155556888862224,8,0,14,20000,50000
qwen3_5_9b,ndcg@20,bm25,current_mixedbread_pointwise_1000,-0.0576504795315502,-0.12723277164146213,0.011970445544014248,0.13245735085298294,7,0,15,20000,50000
qwen3_5_9b,ndcg@100,bm25,current_mixedbread_pointwise_1000,-0.13303886006002572,-0.18667823533040595,-0.07781155995814211,5.999880002399952e-05,2,0,20,20000,50000
qwen3_5_9b,ndcg@10,bm25,current_mixedbread_first_listwise,-0.0398993226451175,-0.11879803623676705,0.03638545018973416,0.33639327213455733,11,0,11,20000,50000
qwen3_5_9b,ndcg@20,bm25,current_mixedbread_first_listwise,-0.05052522479561006,-0.1156146086834056,0.01706434688198235,0.15759684806303875,8,0,14,20000,50000
qwen3_5_9b,ndcg@100,bm25,current_mixedbread_first_listwise,-0.13137311046832945,-0.18304507684406568,-0.07752016111947846,0.0001399972000559989,3,0,19,20000,50000
qwen3_5_9b,ndcg@10,current_mixedbread_pointwise_1000,current_mixedbread_first_listwise,0.006105337942391994,-0.05383177646781982,0.06381105984193042,0.8444631107377852,12,0,10,20000,50000
qwen3_5_9b,ndcg@20,current_mixedbread_pointwise_1000,current_mixedbread_first_listwise,0.0071252547359401345,-0.029076330261682073,0.04366656782586044,0.7109457810843783,11,0,11,20000,50000
qwen3_5_9b,ndcg@100,current_mixedbread_pointwise_1000,current_mixedbread_first_listwise,0.0016657495916962669,-0.00822829684035939,0.011582137190875247,0.751284974300514,11,0,11,20000,50000
ministral_3_14b,ndcg@10,bm25,current_mixedbread_pointwise_1000,-0.03290632598429726,-0.1106294665860798,0.05519426570305381,0.4603107937841243,8,0,14,20000,50000
ministral_3_14b,ndcg@20,bm25,current_mixedbread_pointwise_1000,-0.03499865506884923,-0.09781457466966414,0.034452385059677355,0.3333933321333573,6,0,16,20000,50000
ministral_3_14b,ndcg@100,bm25,current_mixedbread_pointwise_1000,-0.12209826767995521,-0.16815435316737337,-0.0689993005849501,0.00031999360012799745,2,0,20,20000,50000
ministral_3_14b,ndcg@10,bm25,current_mixedbread_first_listwise,0.009193798269642466,-0.08565190574109742,0.10951673295696467,0.8597828043439131,12,0,10,20000,50000
ministral_3_14b,ndcg@20,bm25,current_mixedbread_first_listwise,-0.0060259811277250715,-0.0752221744755711,0.06966392428758826,0.8840223195536089,10,0,12,20000,50000
ministral_3_14b,ndcg@100,bm25,current_mixedbread_first_listwise,-0.11547888164387117,-0.16022262237249899,-0.06261189548432106,0.0006599868002639947,2,0,20,20000,50000
ministral_3_14b,ndcg@10,current_mixedbread_pointwise_1000,current_mixedbread_first_listwise,0.04210012425393972,-0.02303665366816329,0.10348505496882626,0.21571568568628627,14,0,8,20000,50000
ministral_3_14b,ndcg@20,current_mixedbread_pointwise_1000,current_mixedbread_first_listwise,0.02897267394112416,-0.005856426171792586,0.06276975803177663,0.11855762884742305,16,0,6,20000,50000
ministral_3_14b,ndcg@100,current_mixedbread_pointwise_1000,current_mixedbread_first_listwise,0.006619386036084041,-0.0031420547667321804,0.015918269334644228,0.19231615367692645,13,0,9,20000,50000
