qrels,topic_id,system,ndcg@10,ndcg@20,ndcg@100,recall@100,judged_rate@10,judged_rate@100
codex_gpt5_5_medium,14,bm25,0.3553332720985301,0.4105131864205123,0.48378240789538923,0.1223021582733813,1.0,1.0
codex_gpt5_5_medium,144,bm25,0.0886758432964747,0.08829921709858099,0.1273928620417022,0.0332541567695962,1.0,1.0
codex_gpt5_5_medium,161,bm25,0.6663255610722455,0.6120611316904458,0.4813514388292739,0.12663755458515283,1.0,1.0
codex_gpt5_5_medium,200,bm25,0.1400835882196266,0.15163823106297342,0.14762858041667423,0.058704453441295545,1.0,1.0
codex_gpt5_5_medium,213,bm25,0.11215979380890685,0.11427587681290409,0.15499598750704624,0.09826589595375723,1.0,1.0
codex_gpt5_5_medium,219,bm25,0.49335731559725,0.40851865767678114,0.37200577879703794,0.1,1.0,1.0
codex_gpt5_5_medium,224,bm25,0.8164972118893085,0.7672110682618999,0.5802041604454787,0.13476263399693722,1.0,1.0
codex_gpt5_5_medium,225,bm25,0.2572640430261628,0.25417059783251755,0.4336607802874511,0.14234234234234233,1.0,1.0
codex_gpt5_5_medium,233,bm25,0.5438357471436231,0.6461094938681221,0.39272917219041686,0.08640406607369759,1.0,1.0
codex_gpt5_5_medium,273,bm25,0.32232755593747364,0.29127459730330385,0.3883105872150806,0.15151515151515152,1.0,1.0
codex_gpt5_5_medium,300,bm25,0.35460161022185904,0.3055503133350078,0.3905009917882869,0.11653543307086614,1.0,1.0
codex_gpt5_5_medium,31,bm25,0.8478053202281971,0.8458722143877149,0.7471824787821147,0.10594594594594595,1.0,1.0
codex_gpt5_5_medium,37,bm25,0.6389817973551069,0.5524545009518763,0.44545268447860703,0.10519951632406288,1.0,1.0
codex_gpt5_5_medium,407,bm25,0.2786364164872879,0.3173116886959236,0.38188494609137247,0.125,1.0,1.0
codex_gpt5_5_medium,477,bm25,0.4559153326307294,0.37956733282427785,0.32832712685097215,0.10095238095238095,1.0,1.0
codex_gpt5_5_medium,499,bm25,0.6816109118659602,0.6759527646428688,0.584908221656596,0.13957307060755336,1.0,1.0
codex_gpt5_5_medium,515,bm25,0.2299254607424843,0.23884838975103384,0.299909440557899,0.021739130434782608,1.0,1.0
codex_gpt5_5_medium,58,bm25,0.5008083446148816,0.5485636937045568,0.5057711257500273,0.1821705426356589,1.0,1.0
codex_gpt5_5_medium,707,bm25,0.2026664541869443,0.2947694812458437,0.3778006710168067,0.08873720136518772,1.0,1.0
codex_gpt5_5_medium,72,bm25,0.3236594716627187,0.4125648241421551,0.4936703251931113,0.10210876803551609,1.0,1.0
codex_gpt5_5_medium,84,bm25,0.49180041527240637,0.47689635019633214,0.44223449221078553,0.11412268188302425,1.0,1.0
codex_gpt5_5_medium,897,bm25,0.3048742399056817,0.2959410308117515,0.47266032491649196,0.12166172106824925,1.0,1.0
codex_gpt5_5_medium,14,current_mixedbread_pointwise_1000,0.5329100188336591,0.42453948552597565,0.29959356633778583,0.06618705035971223,0.7,0.47
codex_gpt5_5_medium,144,current_mixedbread_pointwise_1000,0.1726786337547216,0.1705446938990763,0.1802401465041972,0.06413301662707839,0.6,0.62
codex_gpt5_5_medium,161,current_mixedbread_pointwise_1000,0.7146868694147805,0.6524156330640245,0.46633290987764636,0.08879184861717612,0.7,0.64
codex_gpt5_5_medium,200,current_mixedbread_pointwise_1000,0.030914867915679656,0.20997572219857857,0.1675116567739998,0.06275303643724696,0.2,0.44
codex_gpt5_5_medium,213,current_mixedbread_pointwise_1000,0.789287815661202,0.6779297251427451,0.517162184257338,0.23699421965317918,1.0,0.74
codex_gpt5_5_medium,219,current_mixedbread_pointwise_1000,0.43595812655855765,0.3747823139002493,0.29938402658652147,0.05,0.7,0.49
codex_gpt5_5_medium,224,current_mixedbread_pointwise_1000,0.311175252397039,0.3143332983392053,0.27152938258494286,0.05972434915773354,0.7,0.44
codex_gpt5_5_medium,225,current_mixedbread_pointwise_1000,0.13704589417790058,0.14855578725937688,0.24861110512643653,0.07387387387387387,0.4,0.51
codex_gpt5_5_medium,233,current_mixedbread_pointwise_1000,0.3510949664528579,0.4901552198550206,0.3958627036958631,0.07369758576874205,0.6,0.64
codex_gpt5_5_medium,273,current_mixedbread_pointwise_1000,0.11798986001149593,0.16335457597771974,0.2114731069843631,0.09393939393939393,0.8,0.45
codex_gpt5_5_medium,300,current_mixedbread_pointwise_1000,0.2299435553542409,0.2752371809047899,0.22258522395408276,0.05984251968503937,0.7,0.46
codex_gpt5_5_medium,31,current_mixedbread_pointwise_1000,0.8158941467850642,0.7661728905879786,0.6099414951165588,0.07243243243243243,0.9,0.67
codex_gpt5_5_medium,37,current_mixedbread_pointwise_1000,0.4806831866699709,0.3596482138342575,0.22824743794465358,0.03506650544135429,0.4,0.31
codex_gpt5_5_medium,407,current_mixedbread_pointwise_1000,0.2850024847348477,0.2094656249182474,0.2415796233632724,0.07432432432432433,0.5,0.47
codex_gpt5_5_medium,477,current_mixedbread_pointwise_1000,0.34691105640665154,0.366372380852869,0.31667082670292673,0.09714285714285714,0.8,0.59
codex_gpt5_5_medium,499,current_mixedbread_pointwise_1000,0.5278601193740102,0.44268449115008696,0.3969104344626626,0.08538587848932677,0.6,0.69
codex_gpt5_5_medium,515,current_mixedbread_pointwise_1000,0.19793146267162687,0.18176374917324944,0.20860720011973805,0.021739130434782608,0.8,0.57
codex_gpt5_5_medium,58,current_mixedbread_pointwise_1000,0.4641218977688372,0.37257696820968456,0.4169132242552963,0.11627906976744186,0.7,0.65
codex_gpt5_5_medium,707,current_mixedbread_pointwise_1000,0.4175130758219139,0.42053195175342967,0.28267255314058215,0.051194539249146756,0.8,0.51
codex_gpt5_5_medium,72,current_mixedbread_pointwise_1000,0.8809888753275419,0.7404748801174273,0.5043102041693698,0.06548279689234185,1.0,0.62
codex_gpt5_5_medium,84,current_mixedbread_pointwise_1000,0.45104226550125337,0.49910782301197565,0.382292578870575,0.07988587731811697,0.9,0.63
codex_gpt5_5_medium,897,current_mixedbread_pointwise_1000,0.2851478803595249,0.23266394889732284,0.21569631210516724,0.04451038575667656,0.4,0.38
codex_gpt5_5_medium,14,current_mixedbread_first_listwise,0.18288871368332194,0.2840562678260701,0.24463919208556317,0.06618705035971223,0.4,0.47
codex_gpt5_5_medium,144,current_mixedbread_first_listwise,0.15643906266048577,0.15252870896375703,0.17979221942113963,0.06413301662707839,0.7,0.62
codex_gpt5_5_medium,161,current_mixedbread_first_listwise,0.5365968883044738,0.5374837578994285,0.4288886453225398,0.08879184861717612,0.8,0.64
codex_gpt5_5_medium,200,current_mixedbread_first_listwise,0.25193151169006744,0.2045660398310021,0.18782774610885222,0.06275303643724696,0.4,0.44
codex_gpt5_5_medium,213,current_mixedbread_first_listwise,0.7915526572297744,0.667346581228329,0.5016967500740838,0.23699421965317918,1.0,0.74
codex_gpt5_5_medium,219,current_mixedbread_first_listwise,0.7208714661695816,0.5283652916994196,0.34740395612960734,0.05,0.8,0.49
codex_gpt5_5_medium,224,current_mixedbread_first_listwise,0.27510326535442925,0.2841301357641285,0.2592284980875938,0.05972434915773354,0.8,0.44
codex_gpt5_5_medium,225,current_mixedbread_first_listwise,0.17346482675111818,0.17288919625142984,0.2515608857079431,0.07387387387387387,0.8,0.51
codex_gpt5_5_medium,233,current_mixedbread_first_listwise,0.42222687659491637,0.49344453495539925,0.3977784226828681,0.07369758576874205,0.6,0.64
codex_gpt5_5_medium,273,current_mixedbread_first_listwise,0.40007971969096157,0.31472966870935587,0.27584803920757667,0.09393939393939393,0.6,0.45
codex_gpt5_5_medium,300,current_mixedbread_first_listwise,0.3413958664144537,0.31970922069385665,0.23780820352200913,0.05984251968503937,0.6,0.46
codex_gpt5_5_medium,31,current_mixedbread_first_listwise,0.683639700613319,0.7081527218522198,0.5977085639950045,0.07243243243243243,0.7,0.67
codex_gpt5_5_medium,37,current_mixedbread_first_listwise,0.45590037767310704,0.3305795058893182,0.2198496234504107,0.03506650544135429,0.5,0.31
codex_gpt5_5_medium,407,current_mixedbread_first_listwise,0.2989533569471291,0.3173857839673484,0.25791866421443166,0.07432432432432433,0.4,0.47
codex_gpt5_5_medium,477,current_mixedbread_first_listwise,0.4472201681099248,0.40359380079371565,0.33314168664592153,0.09714285714285714,0.7,0.59
codex_gpt5_5_medium,499,current_mixedbread_first_listwise,0.49338084796790826,0.45478717226664545,0.3922857236325833,0.08538587848932677,0.7,0.69
codex_gpt5_5_medium,515,current_mixedbread_first_listwise,0.1006441175355103,0.20400477980435622,0.20780360671937334,0.021739130434782608,0.3,0.57
codex_gpt5_5_medium,58,current_mixedbread_first_listwise,0.4727107151138544,0.5604949763327677,0.4415865056523628,0.11627906976744186,0.6,0.65
codex_gpt5_5_medium,707,current_mixedbread_first_listwise,0.2846936164720877,0.34093969068079266,0.25303401777945406,0.051194539249146756,0.9,0.51
codex_gpt5_5_medium,72,current_mixedbread_first_listwise,0.8605485203054077,0.774206318207474,0.5024437204064706,0.06548279689234185,0.9,0.62
codex_gpt5_5_medium,84,current_mixedbread_first_listwise,0.5002956236070619,0.4939566866159609,0.4026066621025955,0.07988587731811697,0.6,0.63
codex_gpt5_5_medium,897,current_mixedbread_first_listwise,0.3307021012040788,0.24074681708997747,0.21762908349395907,0.04451038575667656,0.7,0.38
qwen3_5_9b,14,bm25,0.47854478051990434,0.4727017398315492,0.48985994360881857,0.11428571428571428,1.0,1.0
qwen3_5_9b,144,bm25,0.18718693156325994,0.20647671845843676,0.3179669400525939,0.049528301886792456,1.0,1.0
qwen3_5_9b,161,bm25,0.35000234506340544,0.4016568931104394,0.41404591484987635,0.10040705563093623,1.0,1.0
qwen3_5_9b,200,bm25,0.08945784854086597,0.1470182627926885,0.2306093564374324,0.054982817869415807,1.0,1.0
qwen3_5_9b,213,bm25,0.1809002762238846,0.20955416996548829,0.24253428861290482,0.06837606837606838,1.0,1.0
qwen3_5_9b,219,bm25,0.4572040379264523,0.4572784054063474,0.5144869579093331,0.10057471264367816,1.0,1.0
qwen3_5_9b,224,bm25,0.680734388178796,0.682972052310286,0.5884145389779647,0.11686586985391766,1.0,1.0
qwen3_5_9b,225,bm25,0.5327953393927258,0.5821720030143511,0.6693614792997845,0.11149825783972125,1.0,1.0
qwen3_5_9b,233,bm25,0.4332454095976142,0.448639272048042,0.5578822572877864,0.08283433133732535,1.0,1.0
qwen3_5_9b,273,bm25,0.35139204243497274,0.3246736082524632,0.3420462326163258,0.07801418439716312,1.0,1.0
qwen3_5_9b,300,bm25,0.2563406271038291,0.32819454070920534,0.3842710761609496,0.08892128279883382,1.0,1.0
qwen3_5_9b,31,bm25,0.594378630865567,0.6366013074446181,0.759011246880859,0.09624639076034648,1.0,1.0
qwen3_5_9b,37,bm25,0.533790629214306,0.46463555178142213,0.5644356184189597,0.09869203329369798,1.0,1.0
qwen3_5_9b,407,bm25,0.250576547812748,0.3151548378456924,0.40055837629907665,0.1076923076923077,1.0,1.0
qwen3_5_9b,477,bm25,0.6668295166599284,0.5580886406413766,0.43341145276547094,0.09912536443148688,1.0,1.0
qwen3_5_9b,499,bm25,0.5216512771402124,0.5845016464883472,0.6525546973631611,0.1270718232044199,1.0,1.0
qwen3_5_9b,515,bm25,0.2729497883593382,0.31553049866097477,0.4519241166260183,0.07170294494238157,1.0,1.0
qwen3_5_9b,58,bm25,0.6129866434556052,0.6701195425721943,0.5932375642023633,0.1556420233463035,1.0,1.0
qwen3_5_9b,707,bm25,0.4085942082366576,0.36489266865351105,0.3916086313887174,0.1043613707165109,1.0,1.0
qwen3_5_9b,72,bm25,0.42090898144471045,0.39620227204420444,0.5562640359961835,0.0939060939060939,1.0,1.0
qwen3_5_9b,84,bm25,0.4761961278379042,0.5188759143715694,0.5383350270793438,0.10840438489646773,1.0,1.0
qwen3_5_9b,897,bm25,0.5659772331669383,0.5579627104793575,0.6341699677230916,0.10851808634772463,1.0,1.0
qwen3_5_9b,14,current_mixedbread_pointwise_1000,0.5164195911867211,0.47256642263903714,0.3572990872138374,0.06984126984126984,0.7,0.47
qwen3_5_9b,144,current_mixedbread_pointwise_1000,0.26318869829104014,0.3428300214754906,0.38749095904571007,0.08962264150943396,0.6,0.62
qwen3_5_9b,161,current_mixedbread_pointwise_1000,0.44057019785046786,0.44346104506777245,0.3818029282651485,0.07462686567164178,0.7,0.64
qwen3_5_9b,200,current_mixedbread_pointwise_1000,0.06274421993679498,0.17363556761386498,0.19359466830321512,0.05326460481099656,0.2,0.44
qwen3_5_9b,213,current_mixedbread_pointwise_1000,0.5139971242291651,0.5450052514059252,0.42391699114956777,0.1339031339031339,1.0,0.74
qwen3_5_9b,219,current_mixedbread_pointwise_1000,0.3572006539722129,0.29005423825572413,0.2933750097097304,0.05459770114942529,0.7,0.49
qwen3_5_9b,224,current_mixedbread_pointwise_1000,0.5855734302012505,0.4994548608199472,0.33066987495542904,0.05444887118193891,0.7,0.44
qwen3_5_9b,225,current_mixedbread_pointwise_1000,0.20218815185568653,0.24406418996621074,0.3244469822439267,0.05807200929152149,0.4,0.51
qwen3_5_9b,233,current_mixedbread_pointwise_1000,0.29894265935473846,0.3425270150752331,0.44852611581476726,0.06087824351297405,0.6,0.64
qwen3_5_9b,273,current_mixedbread_pointwise_1000,0.2752349197328271,0.2558887913250363,0.23342758325141763,0.054373522458628844,0.8,0.45
qwen3_5_9b,300,current_mixedbread_pointwise_1000,0.2656742387358457,0.3116370182330108,0.22116553404828926,0.04956268221574344,0.7,0.46
qwen3_5_9b,31,current_mixedbread_pointwise_1000,0.5356741032838891,0.5482821040625183,0.5844677124168614,0.06448508180943215,0.9,0.67
qwen3_5_9b,37,current_mixedbread_pointwise_1000,0.22392668433939902,0.18991076866787562,0.19357531382048415,0.034482758620689655,0.4,0.31
qwen3_5_9b,407,current_mixedbread_pointwise_1000,0.20556181155547146,0.2032301998030966,0.24121350212762216,0.09230769230769231,0.5,0.47
qwen3_5_9b,477,current_mixedbread_pointwise_1000,0.46675047289504146,0.4933181221029442,0.3913725236768985,0.08309037900874636,0.8,0.59
qwen3_5_9b,499,current_mixedbread_pointwise_1000,0.29079865325633064,0.33509795875556897,0.4251959635631233,0.09116022099447514,0.6,0.69
qwen3_5_9b,515,current_mixedbread_pointwise_1000,0.23415703644712027,0.2031085108278555,0.30660398432865915,0.052496798975672214,0.8,0.57
qwen3_5_9b,58,current_mixedbread_pointwise_1000,0.3247486907855349,0.3127924997885026,0.40137048524839675,0.11673151750972763,0.7,0.65
qwen3_5_9b,707,current_mixedbread_pointwise_1000,0.4869799500476577,0.47868461665196865,0.3089389065655797,0.059190031152647975,0.8,0.51
qwen3_5_9b,72,current_mixedbread_pointwise_1000,0.5840489420256428,0.5389843300276164,0.5056659831732675,0.061938061938061936,1.0,0.62
qwen3_5_9b,84,current_mixedbread_pointwise_1000,0.7205093636379024,0.6826578873833892,0.5202038872063254,0.07673568818514007,0.9,0.63
qwen3_5_9b,897,current_mixedbread_pointwise_1000,0.455651484193677,0.4684012872398724,0.32581080310819244,0.042007001166861145,0.4,0.38
qwen3_5_9b,14,current_mixedbread_first_listwise,0.157047944703538,0.3058400594159904,0.3002510458454284,0.06984126984126984,0.4,0.47
qwen3_5_9b,144,current_mixedbread_first_listwise,0.2989697869312068,0.3591616899138382,0.4029638532193418,0.08962264150943396,0.7,0.62
qwen3_5_9b,161,current_mixedbread_first_listwise,0.4505254425820173,0.4083538672598803,0.36319394268744865,0.07462686567164178,0.8,0.64
qwen3_5_9b,200,current_mixedbread_first_listwise,0.24166588930001418,0.21801832147014055,0.23191228733991018,0.05326460481099656,0.4,0.44
qwen3_5_9b,213,current_mixedbread_first_listwise,0.5116569191321368,0.5573127857486638,0.42163644681125617,0.1339031339031339,1.0,0.74
qwen3_5_9b,219,current_mixedbread_first_listwise,0.4987306800322948,0.40374826888003407,0.32205358007870477,0.05459770114942529,0.8,0.49
qwen3_5_9b,224,current_mixedbread_first_listwise,0.5243763781528497,0.5071129831553917,0.31826551702166006,0.05444887118193891,0.8,0.44
qwen3_5_9b,225,current_mixedbread_first_listwise,0.3347115713171526,0.3059098594197603,0.335379051063507,0.05807200929152149,0.8,0.51
qwen3_5_9b,233,current_mixedbread_first_listwise,0.28108629133052193,0.3130902670464742,0.43763283376557777,0.06087824351297405,0.6,0.64
qwen3_5_9b,273,current_mixedbread_first_listwise,0.48142204666865307,0.40740948458584825,0.2739079791685845,0.054373522458628844,0.6,0.45
qwen3_5_9b,300,current_mixedbread_first_listwise,0.35748021551829007,0.3172760823988051,0.22994950006671508,0.04956268221574344,0.6,0.46
qwen3_5_9b,31,current_mixedbread_first_listwise,0.4165348413068635,0.545804052814971,0.5684859543406663,0.06448508180943215,0.7,0.67
qwen3_5_9b,37,current_mixedbread_first_listwise,0.2608363880890388,0.1839165544436938,0.1963657871631081,0.034482758620689655,0.5,0.31
qwen3_5_9b,407,current_mixedbread_first_listwise,0.26639124378102197,0.30220973549567104,0.26529265942311325,0.09230769230769231,0.4,0.47
qwen3_5_9b,477,current_mixedbread_first_listwise,0.3032307635958442,0.35508868845026254,0.3695323464551569,0.08309037900874636,0.7,0.59
qwen3_5_9b,499,current_mixedbread_first_listwise,0.19425035972033314,0.27042938844714937,0.40613395573029937,0.09116022099447514,0.7,0.69
qwen3_5_9b,515,current_mixedbread_first_listwise,0.10282324062959179,0.19971468090637534,0.29726663405519704,0.052496798975672214,0.3,0.57
qwen3_5_9b,58,current_mixedbread_first_listwise,0.5166264096985036,0.5169441123231256,0.4432114156904393,0.11673151750972763,0.6,0.65
qwen3_5_9b,707,current_mixedbread_first_listwise,0.38140890722184,0.4056162612987237,0.2983506077814822,0.059190031152647975,0.9,0.51
qwen3_5_9b,72,current_mixedbread_first_listwise,0.5961716509880922,0.534312327289566,0.5079827952809954,0.061938061938061936,0.9,0.62
qwen3_5_9b,84,current_mixedbread_first_listwise,0.5960453413554664,0.5901894692704703,0.5034907693842184,0.07673568818514007,0.6,0.63
qwen3_5_9b,897,current_mixedbread_first_listwise,0.6728662004917702,0.5248893713443082,0.34352232788095666,0.042007001166861145,0.7,0.38
ministral_3_14b,14,bm25,0.6522524286481209,0.5764892499982296,0.5261235066430815,0.10250297973778308,1.0,1.0
ministral_3_14b,144,bm25,0.12576672359890295,0.12971606782386091,0.1993433981530373,0.06395348837209303,1.0,1.0
ministral_3_14b,161,bm25,0.44322761768579794,0.46067066422487696,0.416208279703394,0.09814612868047982,1.0,1.0
ministral_3_14b,200,bm25,0.2078246861963757,0.28589350834355515,0.37057211203978946,0.06993736951983298,1.0,1.0
ministral_3_14b,213,bm25,0.3772922556897665,0.39514869865845365,0.32222166920499085,0.08520900321543408,1.0,1.0
ministral_3_14b,219,bm25,0.3798854124686986,0.38156979717132933,0.519466048470606,0.09269356597600872,1.0,1.0
ministral_3_14b,224,bm25,0.5527204073441314,0.5692773146503306,0.5392854929054074,0.10082304526748971,1.0,1.0
ministral_3_14b,225,bm25,0.5797829844156791,0.5828819916927803,0.609911240387231,0.10155440414507771,1.0,1.0
ministral_3_14b,233,bm25,0.843226260792181,0.7811664836722989,0.6213194097561715,0.0787037037037037,1.0,1.0
ministral_3_14b,273,bm25,0.5143392718590992,0.46834192789631807,0.5289492210148938,0.09272300469483569,1.0,1.0
ministral_3_14b,300,bm25,0.512834451713135,0.5048861113412578,0.5400828279136392,0.08770343580470162,1.0,1.0
ministral_3_14b,31,bm25,0.9552009891550427,0.9095304608082383,0.8061350680433067,0.09191176470588236,1.0,1.0
ministral_3_14b,37,bm25,0.5965748707436307,0.4921294645278144,0.4520290811052187,0.0854368932038835,1.0,1.0
ministral_3_14b,407,bm25,0.32704058197729013,0.36834076779036806,0.4908901180291996,0.1059245960502693,1.0,1.0
ministral_3_14b,477,bm25,0.5591471440155196,0.48489647679974285,0.45467141960677965,0.10340632603406326,1.0,1.0
ministral_3_14b,499,bm25,0.8664852524325113,0.8529607934263225,0.7777702566603326,0.11723329425556858,1.0,1.0
ministral_3_14b,515,bm25,0.3656880667719771,0.37760104925080107,0.5471039469810053,0.08292201382033564,1.0,1.0
ministral_3_14b,58,bm25,0.7828605788131244,0.6917383885596824,0.5607166788707206,0.12445730824891461,1.0,1.0
ministral_3_14b,707,bm25,0.3879478438416211,0.36262104148041624,0.3881142874049211,0.10216346153846154,1.0,1.0
ministral_3_14b,72,bm25,0.8073096811609782,0.7782113592869234,0.785515016636661,0.0878438331854481,1.0,1.0
ministral_3_14b,84,bm25,0.6240579300721459,0.616771215618339,0.5331430651632267,0.10031347962382445,1.0,1.0
ministral_3_14b,897,bm25,0.4733704394163859,0.4574832474140669,0.5270683783599244,0.08926961226330027,1.0,1.0
ministral_3_14b,14,current_mixedbread_pointwise_1000,0.5976631810774725,0.49940060982878764,0.35026962313425414,0.052443384982121574,0.7,0.47
ministral_3_14b,144,current_mixedbread_pointwise_1000,0.26318869829104014,0.3093079868705543,0.2701752033330331,0.07994186046511628,0.6,0.62
ministral_3_14b,161,current_mixedbread_pointwise_1000,0.5513883384484154,0.503520578640437,0.40941326838745756,0.06543075245365322,0.7,0.64
ministral_3_14b,200,current_mixedbread_pointwise_1000,0.08463307931132828,0.23291172313771166,0.26498686756256756,0.0407098121085595,0.2,0.44
ministral_3_14b,213,current_mixedbread_pointwise_1000,0.9552009891550427,0.8613152520252794,0.5575138113341277,0.10610932475884244,1.0,0.74
ministral_3_14b,219,current_mixedbread_pointwise_1000,0.39970462706951937,0.34742374369245566,0.3568282142931868,0.05125408942202835,0.7,0.49
ministral_3_14b,224,current_mixedbread_pointwise_1000,0.6816604510406281,0.6098366738038496,0.376525999556118,0.04526748971193416,0.7,0.44
ministral_3_14b,225,current_mixedbread_pointwise_1000,0.4108992050036415,0.411780300507617,0.3679767501441065,0.05181347150259067,0.4,0.51
ministral_3_14b,233,current_mixedbread_pointwise_1000,0.6405914129030109,0.7339864608754995,0.6193521838702003,0.05925925925925926,0.6,0.64
ministral_3_14b,273,current_mixedbread_pointwise_1000,0.31773889283013357,0.31326927596234694,0.31731375701852066,0.04812206572769953,0.8,0.45
ministral_3_14b,300,current_mixedbread_pointwise_1000,0.42833219375564763,0.46582272960220034,0.31745962243290493,0.04159132007233273,0.7,0.46
ministral_3_14b,31,current_mixedbread_pointwise_1000,0.8535993807372733,0.801104813276804,0.6714684850195409,0.06158088235294118,0.9,0.67
ministral_3_14b,37,current_mixedbread_pointwise_1000,0.3173789052652827,0.2502217806945059,0.20442230135014602,0.02912621359223301,0.4,0.31
ministral_3_14b,407,current_mixedbread_pointwise_1000,0.17456463411047018,0.21843539638205134,0.29569387130811314,0.06283662477558348,0.5,0.47
ministral_3_14b,477,current_mixedbread_pointwise_1000,0.6625013956269039,0.6011703525516676,0.43304690767488757,0.0705596107055961,0.8,0.59
ministral_3_14b,499,current_mixedbread_pointwise_1000,0.5648901044069581,0.5889445552481146,0.5437164324116824,0.07971864009378664,0.6,0.69
ministral_3_14b,515,current_mixedbread_pointwise_1000,0.27473390992644225,0.2591475665027155,0.3670561326080026,0.05231984205330701,0.8,0.57
ministral_3_14b,58,current_mixedbread_pointwise_1000,0.5117810313576893,0.443250096649137,0.44856889327901556,0.09261939218523878,0.7,0.65
ministral_3_14b,707,current_mixedbread_pointwise_1000,0.314652237463597,0.32686208118188015,0.22894978050671286,0.052884615384615384,0.8,0.51
ministral_3_14b,72,current_mixedbread_pointwise_1000,0.8827904758126037,0.7690683248383998,0.6191666510002258,0.055013309671694766,1.0,0.62
ministral_3_14b,84,current_mixedbread_pointwise_1000,0.8673520793707984,0.7644922224759758,0.5133029723670928,0.06583072100313479,0.9,0.63
ministral_3_14b,897,current_mixedbread_pointwise_1000,0.455651484193677,0.4470831441733326,0.29727090550262686,0.034265103697024346,0.4,0.38
ministral_3_14b,14,current_mixedbread_first_listwise,0.19504593546418514,0.3360373417277347,0.2923765892283877,0.052443384982121574,0.4,0.47
ministral_3_14b,144,current_mixedbread_first_listwise,0.2989697869312068,0.32432216799943636,0.28000740909685384,0.07994186046511628,0.7,0.62
ministral_3_14b,161,current_mixedbread_first_listwise,0.6431976281327347,0.505560996560012,0.4012403570431051,0.06543075245365322,0.8,0.64
ministral_3_14b,200,current_mixedbread_first_listwise,0.28216172127038386,0.25444548107144216,0.2910460956426892,0.0407098121085595,0.4,0.44
ministral_3_14b,213,current_mixedbread_first_listwise,1.0,0.926903828644138,0.5637024623949516,0.10610932475884244,1.0,0.74
ministral_3_14b,219,current_mixedbread_first_listwise,0.6623569598908486,0.5712715491472962,0.4178414704846294,0.05125408942202835,0.8,0.49
ministral_3_14b,224,current_mixedbread_first_listwise,0.7948833326720565,0.7038425788700479,0.3920483689074424,0.04526748971193416,0.8,0.44
ministral_3_14b,225,current_mixedbread_first_listwise,0.7015099647232446,0.5350042773213545,0.3833047909607075,0.05181347150259067,0.8,0.51
ministral_3_14b,233,current_mixedbread_first_listwise,0.6023277671368327,0.6709077150995876,0.6057855763064666,0.05925925925925926,0.6,0.64
ministral_3_14b,273,current_mixedbread_first_listwise,0.4706283928473776,0.4439798828321265,0.3522146816011528,0.04812206572769953,0.6,0.45
ministral_3_14b,300,current_mixedbread_first_listwise,0.49639329739530097,0.4900188772452654,0.32620725496160635,0.04159132007233273,0.6,0.46
ministral_3_14b,31,current_mixedbread_first_listwise,0.7254521107352792,0.7688267232582133,0.6575012635379016,0.06158088235294118,0.7,0.67
ministral_3_14b,37,current_mixedbread_first_listwise,0.44948647348739323,0.326440181551708,0.22972379920457853,0.02912621359223301,0.5,0.31
ministral_3_14b,407,current_mixedbread_first_listwise,0.19998956646242846,0.2538929348289978,0.30835773912691733,0.06283662477558348,0.4,0.47
ministral_3_14b,477,current_mixedbread_first_listwise,0.6137825705311398,0.5985668984647299,0.42949215844621147,0.0705596107055961,0.7,0.59
ministral_3_14b,499,current_mixedbread_first_listwise,0.5626475208496899,0.5185402187647713,0.5330551032565102,0.07971864009378664,0.7,0.69
ministral_3_14b,515,current_mixedbread_first_listwise,0.20356615868869415,0.28336037415769455,0.3664299390917025,0.05231984205330701,0.3,0.57
ministral_3_14b,58,current_mixedbread_first_listwise,0.564745668393647,0.5487235752698103,0.4687767157800202,0.09261939218523878,0.6,0.65
ministral_3_14b,707,current_mixedbread_first_listwise,0.4177636433355267,0.36564437923484555,0.23941206463401024,0.052884615384615384,0.9,0.51
ministral_3_14b,72,current_mixedbread_first_listwise,0.8570292438733029,0.7940963745912002,0.6180291596389805,0.055013309671694766,0.9,0.62
ministral_3_14b,84,current_mixedbread_first_listwise,0.7222954974312067,0.6717969107078742,0.5053296417365624,0.06583072100313479,0.6,0.63
ministral_3_14b,897,current_mixedbread_first_listwise,0.6728662004917702,0.5035712282777686,0.31422248580698525,0.034265103697024346,0.7,0.38
