topic_id,topic_title,metric,baseline,candidate,delta,status,is_primary_metric,is_big_regression
14,I'm interested in sports societal impact particularly concerning athlete compensation inclusion cultural,ndcg@10,0.3553332720985301,0.5574985130473844,0.2021652409488543,improved,True,False
14,I'm interested in sports societal impact particularly concerning athlete compensation inclusion cultural,judged_count@10,10.0,10.0,0.0,tied,False,False
14,I'm interested in sports societal impact particularly concerning athlete compensation inclusion cultural,judged_rate@10,1.0,1.0,0.0,tied,False,False
14,I'm interested in sports societal impact particularly concerning athlete compensation inclusion cultural,precision@10,0.7,1.0,0.30000000000000004,improved,False,False
14,I'm interested in sports societal impact particularly concerning athlete compensation inclusion cultural,recall@10,0.010071942446043165,0.014388489208633094,0.00431654676258993,improved,False,False
14,I'm interested in sports societal impact particularly concerning athlete compensation inclusion cultural,hit_rate@10,1.0,1.0,0.0,tied,False,False
14,I'm interested in sports societal impact particularly concerning athlete compensation inclusion cultural,relevant_count@10,7.0,10.0,3.0,improved,False,False
14,I'm interested in sports societal impact particularly concerning athlete compensation inclusion cultural,graded_recall@10,0.010004547521600727,0.01273306048203729,0.0027285129604365625,improved,False,False
14,I'm interested in sports societal impact particularly concerning athlete compensation inclusion cultural,judged_count@50,50.0,50.0,0.0,tied,False,False
14,I'm interested in sports societal impact particularly concerning athlete compensation inclusion cultural,judged_rate@50,1.0,1.0,0.0,tied,False,False
14,I'm interested in sports societal impact particularly concerning athlete compensation inclusion cultural,precision@50,0.86,0.86,0.0,tied,False,False
14,I'm interested in sports societal impact particularly concerning athlete compensation inclusion cultural,recall@50,0.0618705035971223,0.0618705035971223,0.0,tied,False,False
14,I'm interested in sports societal impact particularly concerning athlete compensation inclusion cultural,hit_rate@50,1.0,1.0,0.0,tied,False,False
14,I'm interested in sports societal impact particularly concerning athlete compensation inclusion cultural,relevant_count@50,43.0,43.0,0.0,tied,False,False
14,I'm interested in sports societal impact particularly concerning athlete compensation inclusion cultural,graded_recall@50,0.059572532969531605,0.059572532969531605,0.0,tied,False,False
14,I'm interested in sports societal impact particularly concerning athlete compensation inclusion cultural,ideal_dcg_coverage@50,0.5828025587391206,0.5828025587391206,0.0,tied,False,False
14,I'm interested in sports societal impact particularly concerning athlete compensation inclusion cultural,recall@100,0.1223021582733813,0.1223021582733813,0.0,tied,False,False
31,I'm seeking to understand the environmental and health impacts of e-waste and,ndcg@10,0.8478053202281971,0.8408053145190638,-0.0070000057091332835,degraded,True,False
31,I'm seeking to understand the environmental and health impacts of e-waste and,judged_count@10,10.0,10.0,0.0,tied,False,False
31,I'm seeking to understand the environmental and health impacts of e-waste and,judged_rate@10,1.0,1.0,0.0,tied,False,False
31,I'm seeking to understand the environmental and health impacts of e-waste and,precision@10,1.0,1.0,0.0,tied,False,False
31,I'm seeking to understand the environmental and health impacts of e-waste and,recall@10,0.010810810810810811,0.010810810810810811,0.0,tied,False,False
31,I'm seeking to understand the environmental and health impacts of e-waste and,hit_rate@10,1.0,1.0,0.0,tied,False,False
31,I'm seeking to understand the environmental and health impacts of e-waste and,relevant_count@10,10.0,10.0,0.0,tied,False,False
31,I'm seeking to understand the environmental and health impacts of e-waste and,graded_recall@10,0.011467889908256881,0.012450851900393184,0.0009829619921363029,improved,False,False
31,I'm seeking to understand the environmental and health impacts of e-waste and,judged_count@50,50.0,50.0,0.0,tied,False,False
31,I'm seeking to understand the environmental and health impacts of e-waste and,judged_rate@50,1.0,1.0,0.0,tied,False,False
31,I'm seeking to understand the environmental and health impacts of e-waste and,precision@50,1.0,1.0,0.0,tied,False,False
31,I'm seeking to understand the environmental and health impacts of e-waste and,recall@50,0.05405405405405406,0.05405405405405406,0.0,tied,False,False
31,I'm seeking to understand the environmental and health impacts of e-waste and,hit_rate@50,1.0,1.0,0.0,tied,False,False
31,I'm seeking to understand the environmental and health impacts of e-waste and,relevant_count@50,50.0,50.0,0.0,tied,False,False
31,I'm seeking to understand the environmental and health impacts of e-waste and,graded_recall@50,0.0563564875491481,0.0563564875491481,0.0,tied,False,False
31,I'm seeking to understand the environmental and health impacts of e-waste and,ideal_dcg_coverage@50,0.8202566914396686,0.8202566914396686,0.0,tied,False,False
31,I'm seeking to understand the environmental and health impacts of e-waste and,recall@100,0.10594594594594595,0.10594594594594595,0.0,tied,False,False
37,I'm hoping to gain a deeper understanding of how family structures childhood,ndcg@10,0.6389817973551069,0.6649017010626942,0.025919903707587344,improved,True,False
37,I'm hoping to gain a deeper understanding of how family structures childhood,judged_count@10,10.0,10.0,0.0,tied,False,False
37,I'm hoping to gain a deeper understanding of how family structures childhood,judged_rate@10,1.0,1.0,0.0,tied,False,False
37,I'm hoping to gain a deeper understanding of how family structures childhood,precision@10,0.8,0.9,0.09999999999999998,improved,False,False
37,I'm hoping to gain a deeper understanding of how family structures childhood,recall@10,0.009673518742442563,0.010882708585247884,0.0012091898428053215,improved,False,False
37,I'm hoping to gain a deeper understanding of how family structures childhood,hit_rate@10,1.0,1.0,0.0,tied,False,False
37,I'm hoping to gain a deeper understanding of how family structures childhood,relevant_count@10,8.0,9.0,1.0,improved,False,False
37,I'm hoping to gain a deeper understanding of how family structures childhood,graded_recall@10,0.010501750291715286,0.011279657720731234,0.0007779074290159473,improved,False,False
37,I'm hoping to gain a deeper understanding of how family structures childhood,judged_count@50,50.0,50.0,0.0,tied,False,False
37,I'm hoping to gain a deeper understanding of how family structures childhood,judged_rate@50,1.0,1.0,0.0,tied,False,False
37,I'm hoping to gain a deeper understanding of how family structures childhood,precision@50,0.88,0.88,0.0,tied,False,False
37,I'm hoping to gain a deeper understanding of how family structures childhood,recall@50,0.053204353083434096,0.053204353083434096,0.0,tied,False,False
37,I'm hoping to gain a deeper understanding of how family structures childhood,hit_rate@50,1.0,1.0,0.0,tied,False,False
37,I'm hoping to gain a deeper understanding of how family structures childhood,relevant_count@50,44.0,44.0,0.0,tied,False,False
37,I'm hoping to gain a deeper understanding of how family structures childhood,graded_recall@50,0.049786075457020615,0.049786075457020615,0.0,tied,False,False
37,I'm hoping to gain a deeper understanding of how family structures childhood,ideal_dcg_coverage@50,0.5476132057638449,0.5476132057638449,0.0,tied,False,False
37,I'm hoping to gain a deeper understanding of how family structures childhood,recall@100,0.10519951632406288,0.10519951632406288,0.0,tied,False,False
58,I'm interested in nuclear energy's pros cons safety and accident risks like,ndcg@10,0.5008083446148816,0.7746739296722466,0.273865585057365,improved,True,False
58,I'm interested in nuclear energy's pros cons safety and accident risks like,judged_count@10,10.0,10.0,0.0,tied,False,False
58,I'm interested in nuclear energy's pros cons safety and accident risks like,judged_rate@10,1.0,1.0,0.0,tied,False,False
58,I'm interested in nuclear energy's pros cons safety and accident risks like,precision@10,1.0,1.0,0.0,tied,False,False
58,I'm interested in nuclear energy's pros cons safety and accident risks like,recall@10,0.01937984496124031,0.01937984496124031,0.0,tied,False,False
58,I'm interested in nuclear energy's pros cons safety and accident risks like,hit_rate@10,1.0,1.0,0.0,tied,False,False
58,I'm interested in nuclear energy's pros cons safety and accident risks like,relevant_count@10,10.0,10.0,0.0,tied,False,False
58,I'm interested in nuclear energy's pros cons safety and accident risks like,graded_recall@10,0.01708898055391868,0.020035356511490868,0.0029463759575721893,improved,False,False
58,I'm interested in nuclear energy's pros cons safety and accident risks like,judged_count@50,50.0,50.0,0.0,tied,False,False
58,I'm interested in nuclear energy's pros cons safety and accident risks like,judged_rate@50,1.0,1.0,0.0,tied,False,False
58,I'm interested in nuclear energy's pros cons safety and accident risks like,precision@50,0.92,0.92,0.0,tied,False,False
58,I'm interested in nuclear energy's pros cons safety and accident risks like,recall@50,0.08914728682170543,0.08914728682170543,0.0,tied,False,False
58,I'm interested in nuclear energy's pros cons safety and accident risks like,hit_rate@50,1.0,1.0,0.0,tied,False,False
58,I'm interested in nuclear energy's pros cons safety and accident risks like,relevant_count@50,46.0,46.0,0.0,tied,False,False
58,I'm interested in nuclear energy's pros cons safety and accident risks like,graded_recall@50,0.07955215085444903,0.07955215085444903,0.0,tied,False,False
58,I'm interested in nuclear energy's pros cons safety and accident risks like,ideal_dcg_coverage@50,0.6186498789158178,0.6186498789158178,0.0,tied,False,False
58,I'm interested in nuclear energy's pros cons safety and accident risks like,recall@100,0.1821705426356589,0.1821705426356589,0.0,tied,False,False
72,I want to understand why deforestation is such a major problem Specifically,ndcg@10,0.3236594716627187,0.7202920029864114,0.3966325313236927,improved,True,False
72,I want to understand why deforestation is such a major problem Specifically,judged_count@10,10.0,10.0,0.0,tied,False,False
72,I want to understand why deforestation is such a major problem Specifically,judged_rate@10,1.0,1.0,0.0,tied,False,False
72,I want to understand why deforestation is such a major problem Specifically,precision@10,1.0,1.0,0.0,tied,False,False
72,I want to understand why deforestation is such a major problem Specifically,recall@10,0.011098779134295227,0.011098779134295227,0.0,tied,False,False
72,I want to understand why deforestation is such a major problem Specifically,hit_rate@10,1.0,1.0,0.0,tied,False,False
72,I want to understand why deforestation is such a major problem Specifically,relevant_count@10,10.0,10.0,0.0,tied,False,False
72,I want to understand why deforestation is such a major problem Specifically,graded_recall@10,0.008382815228781,0.011526370939573873,0.0031435557107928735,improved,False,False
72,I want to understand why deforestation is such a major problem Specifically,judged_count@50,50.0,50.0,0.0,tied,False,False
72,I want to understand why deforestation is such a major problem Specifically,judged_rate@50,1.0,1.0,0.0,tied,False,False
72,I want to understand why deforestation is such a major problem Specifically,precision@50,0.9,0.9,0.0,tied,False,False
72,I want to understand why deforestation is such a major problem Specifically,recall@50,0.049944506104328525,0.049944506104328525,0.0,tied,False,False
72,I want to understand why deforestation is such a major problem Specifically,hit_rate@50,1.0,1.0,0.0,tied,False,False
72,I want to understand why deforestation is such a major problem Specifically,relevant_count@50,45.0,45.0,0.0,tied,False,False
72,I want to understand why deforestation is such a major problem Specifically,graded_recall@50,0.04645476772616137,0.04645476772616137,0.0,tied,False,False
72,I want to understand why deforestation is such a major problem Specifically,ideal_dcg_coverage@50,0.6033949938808157,0.6033949938808157,0.0,tied,False,False
72,I want to understand why deforestation is such a major problem Specifically,recall@100,0.10210876803551609,0.10210876803551609,0.0,tied,False,False
84,I'm looking for detailed information about vaccines including their safety the causes,ndcg@10,0.49180041527240637,0.7831257173839652,0.2913253021115588,improved,True,False
84,I'm looking for detailed information about vaccines including their safety the causes,judged_count@10,10.0,10.0,0.0,tied,False,False
84,I'm looking for detailed information about vaccines including their safety the causes,judged_rate@10,1.0,1.0,0.0,tied,False,False
84,I'm looking for detailed information about vaccines including their safety the causes,precision@10,1.0,1.0,0.0,tied,False,False
84,I'm looking for detailed information about vaccines including their safety the causes,recall@10,0.014265335235378032,0.014265335235378032,0.0,tied,False,False
84,I'm looking for detailed information about vaccines including their safety the causes,hit_rate@10,1.0,1.0,0.0,tied,False,False
84,I'm looking for detailed information about vaccines including their safety the causes,relevant_count@10,10.0,10.0,0.0,tied,False,False
84,I'm looking for detailed information about vaccines including their safety the causes,graded_recall@10,0.012838147638697846,0.016047684548372305,0.0032095369096744597,improved,False,False
84,I'm looking for detailed information about vaccines including their safety the causes,judged_count@50,50.0,50.0,0.0,tied,False,False
84,I'm looking for detailed information about vaccines including their safety the causes,judged_rate@50,1.0,1.0,0.0,tied,False,False
84,I'm looking for detailed information about vaccines including their safety the causes,precision@50,0.92,0.92,0.0,tied,False,False
84,I'm looking for detailed information about vaccines including their safety the causes,recall@50,0.06562054208273894,0.06562054208273894,0.0,tied,False,False
84,I'm looking for detailed information about vaccines including their safety the causes,hit_rate@50,1.0,1.0,0.0,tied,False,False
84,I'm looking for detailed information about vaccines including their safety the causes,relevant_count@50,46.0,46.0,0.0,tied,False,False
84,I'm looking for detailed information about vaccines including their safety the causes,graded_recall@50,0.06464924346629987,0.06464924346629987,0.0,tied,False,False
84,I'm looking for detailed information about vaccines including their safety the causes,ideal_dcg_coverage@50,0.6049610542960457,0.6049610542960457,0.0,tied,False,False
84,I'm looking for detailed information about vaccines including their safety the causes,recall@100,0.11412268188302425,0.11412268188302425,0.0,tied,False,False
144,I'm seeking a comprehensive understanding of financial institutions specifically why banks like,ndcg@10,0.0886758432964747,0.19924356580779418,0.11056772251131948,improved,True,False
144,I'm seeking a comprehensive understanding of financial institutions specifically why banks like,judged_count@10,10.0,10.0,0.0,tied,False,False
144,I'm seeking a comprehensive understanding of financial institutions specifically why banks like,judged_rate@10,1.0,1.0,0.0,tied,False,False
144,I'm seeking a comprehensive understanding of financial institutions specifically why banks like,precision@10,0.1,0.4,0.30000000000000004,improved,False,False
144,I'm seeking a comprehensive understanding of financial institutions specifically why banks like,recall@10,0.0023752969121140144,0.009501187648456057,0.007125890736342043,improved,False,False
144,I'm seeking a comprehensive understanding of financial institutions specifically why banks like,hit_rate@10,1.0,1.0,0.0,tied,False,False
144,I'm seeking a comprehensive understanding of financial institutions specifically why banks like,relevant_count@10,1.0,4.0,3.0,improved,False,False
144,I'm seeking a comprehensive understanding of financial institutions specifically why banks like,graded_recall@10,0.006715916722632639,0.010073875083948958,0.003357958361316319,improved,False,False
144,I'm seeking a comprehensive understanding of financial institutions specifically why banks like,judged_count@50,50.0,50.0,0.0,tied,False,False
144,I'm seeking a comprehensive understanding of financial institutions specifically why banks like,judged_rate@50,1.0,1.0,0.0,tied,False,False
144,I'm seeking a comprehensive understanding of financial institutions specifically why banks like,precision@50,0.1,0.1,0.0,tied,False,False
144,I'm seeking a comprehensive understanding of financial institutions specifically why banks like,recall@50,0.011876484560570071,0.011876484560570071,0.0,tied,False,False
144,I'm seeking a comprehensive understanding of financial institutions specifically why banks like,hit_rate@50,1.0,1.0,0.0,tied,False,False
144,I'm seeking a comprehensive understanding of financial institutions specifically why banks like,relevant_count@50,5.0,5.0,0.0,tied,False,False
144,I'm seeking a comprehensive understanding of financial institutions specifically why banks like,graded_recall@50,0.03290799194089993,0.03290799194089993,0.0,tied,False,False
144,I'm seeking a comprehensive understanding of financial institutions specifically why banks like,ideal_dcg_coverage@50,0.1329994695672314,0.1329994695672314,0.0,tied,False,False
144,I'm seeking a comprehensive understanding of financial institutions specifically why banks like,recall@100,0.0332541567695962,0.0332541567695962,0.0,tied,False,False
161,I want to understand the main arguments surrounding abortion and why people,ndcg@10,0.6663255610722455,0.6969039271582186,0.030578366085973085,improved,True,False
161,I want to understand the main arguments surrounding abortion and why people,judged_count@10,10.0,10.0,0.0,tied,False,False
161,I want to understand the main arguments surrounding abortion and why people,judged_rate@10,1.0,1.0,0.0,tied,False,False
161,I want to understand the main arguments surrounding abortion and why people,precision@10,0.8,0.8,0.0,tied,False,False
161,I want to understand the main arguments surrounding abortion and why people,recall@10,0.011644832605531296,0.011644832605531296,0.0,tied,False,False
161,I want to understand the main arguments surrounding abortion and why people,hit_rate@10,1.0,1.0,0.0,tied,False,False
161,I want to understand the main arguments surrounding abortion and why people,relevant_count@10,8.0,8.0,0.0,tied,False,False
161,I want to understand the main arguments surrounding abortion and why people,graded_recall@10,0.013419713095788986,0.013882461823229986,0.00046274872744100047,improved,False,False
161,I want to understand the main arguments surrounding abortion and why people,judged_count@50,50.0,50.0,0.0,tied,False,False
161,I want to understand the main arguments surrounding abortion and why people,judged_rate@50,1.0,1.0,0.0,tied,False,False
161,I want to understand the main arguments surrounding abortion and why people,precision@50,0.86,0.86,0.0,tied,False,False
161,I want to understand the main arguments surrounding abortion and why people,recall@50,0.06259097525473072,0.06259097525473072,0.0,tied,False,False
161,I want to understand the main arguments surrounding abortion and why people,hit_rate@50,1.0,1.0,0.0,tied,False,False
161,I want to understand the main arguments surrounding abortion and why people,relevant_count@50,43.0,43.0,0.0,tied,False,False
161,I want to understand the main arguments surrounding abortion and why people,graded_recall@50,0.05923183711244794,0.05923183711244794,0.0,tied,False,False
161,I want to understand the main arguments surrounding abortion and why people,ideal_dcg_coverage@50,0.574971701777365,0.574971701777365,0.0,tied,False,False
161,I want to understand the main arguments surrounding abortion and why people,recall@100,0.12663755458515283,0.12663755458515283,0.0,tied,False,False
200,I want to deeply understand the Holocaust what it was why and,ndcg@10,0.1400835882196266,0.3869921618764073,0.24690857365678068,improved,True,False
200,I want to deeply understand the Holocaust what it was why and,judged_count@10,10.0,10.0,0.0,tied,False,False
200,I want to deeply understand the Holocaust what it was why and,judged_rate@10,1.0,1.0,0.0,tied,False,False
200,I want to deeply understand the Holocaust what it was why and,precision@10,0.2,0.5,0.3,improved,False,False
200,I want to deeply understand the Holocaust what it was why and,recall@10,0.004048582995951417,0.010121457489878543,0.006072874493927126,improved,False,False
200,I want to deeply understand the Holocaust what it was why and,hit_rate@10,1.0,1.0,0.0,tied,False,False
200,I want to deeply understand the Holocaust what it was why and,relevant_count@10,2.0,5.0,3.0,improved,False,False
200,I want to deeply understand the Holocaust what it was why and,graded_recall@10,0.004383561643835616,0.009315068493150684,0.004931506849315068,improved,False,False
200,I want to deeply understand the Holocaust what it was why and,judged_count@50,50.0,50.0,0.0,tied,False,False
200,I want to deeply understand the Holocaust what it was why and,judged_rate@50,1.0,1.0,0.0,tied,False,False
200,I want to deeply understand the Holocaust what it was why and,precision@50,0.3,0.3,0.0,tied,False,False
200,I want to deeply understand the Holocaust what it was why and,recall@50,0.030364372469635626,0.030364372469635626,0.0,tied,False,False
200,I want to deeply understand the Holocaust what it was why and,hit_rate@50,1.0,1.0,0.0,tied,False,False
200,I want to deeply understand the Holocaust what it was why and,relevant_count@50,15.0,15.0,0.0,tied,False,False
200,I want to deeply understand the Holocaust what it was why and,graded_recall@50,0.02684931506849315,0.02684931506849315,0.0,tied,False,False
200,I want to deeply understand the Holocaust what it was why and,ideal_dcg_coverage@50,0.25278885371363036,0.25278885371363036,0.0,tied,False,False
200,I want to deeply understand the Holocaust what it was why and,recall@100,0.058704453441295545,0.058704453441295545,0.0,tied,False,False
213,I'm looking into the Korean War to learn about its origins how,ndcg@10,0.11215979380890685,0.46832367247827766,0.3561638786693708,improved,True,False
213,I'm looking into the Korean War to learn about its origins how,judged_count@10,10.0,10.0,0.0,tied,False,False
213,I'm looking into the Korean War to learn about its origins how,judged_rate@10,1.0,1.0,0.0,tied,False,False
213,I'm looking into the Korean War to learn about its origins how,precision@10,0.5,0.6,0.09999999999999998,improved,False,False
213,I'm looking into the Korean War to learn about its origins how,recall@10,0.028901734104046242,0.03468208092485549,0.005780346820809246,improved,False,False
213,I'm looking into the Korean War to learn about its origins how,hit_rate@10,1.0,1.0,0.0,tied,False,False
213,I'm looking into the Korean War to learn about its origins how,relevant_count@10,5.0,6.0,1.0,improved,False,False
213,I'm looking into the Korean War to learn about its origins how,graded_recall@10,0.015037593984962405,0.02631578947368421,0.011278195488721804,improved,False,False
213,I'm looking into the Korean War to learn about its origins how,judged_count@50,50.0,50.0,0.0,tied,False,False
213,I'm looking into the Korean War to learn about its origins how,judged_rate@50,1.0,1.0,0.0,tied,False,False
213,I'm looking into the Korean War to learn about its origins how,precision@50,0.22,0.22,0.0,tied,False,False
213,I'm looking into the Korean War to learn about its origins how,recall@50,0.06358381502890173,0.06358381502890173,0.0,tied,False,False
213,I'm looking into the Korean War to learn about its origins how,hit_rate@50,1.0,1.0,0.0,tied,False,False
213,I'm looking into the Korean War to learn about its origins how,relevant_count@50,11.0,11.0,0.0,tied,False,False
213,I'm looking into the Korean War to learn about its origins how,graded_recall@50,0.05263157894736842,0.05263157894736842,0.0,tied,False,False
213,I'm looking into the Korean War to learn about its origins how,ideal_dcg_coverage@50,0.2519300247728689,0.2519300247728689,0.0,tied,False,False
213,I'm looking into the Korean War to learn about its origins how,recall@100,0.09826589595375723,0.09826589595375723,0.0,tied,False,False
219,I'm interested in understanding technology's societal impact exploring its positive and negative,ndcg@10,0.49335731559725,0.405354335134365,-0.08800298046288502,degraded,True,False
219,I'm interested in understanding technology's societal impact exploring its positive and negative,judged_count@10,10.0,10.0,0.0,tied,False,False
219,I'm interested in understanding technology's societal impact exploring its positive and negative,judged_rate@10,1.0,1.0,0.0,tied,False,False
219,I'm interested in understanding technology's societal impact exploring its positive and negative,precision@10,0.7,0.7,0.0,tied,False,False
219,I'm interested in understanding technology's societal impact exploring its positive and negative,recall@10,0.01206896551724138,0.01206896551724138,0.0,tied,False,False
219,I'm interested in understanding technology's societal impact exploring its positive and negative,hit_rate@10,1.0,1.0,0.0,tied,False,False
219,I'm interested in understanding technology's societal impact exploring its positive and negative,relevant_count@10,7.0,7.0,0.0,tied,False,False
219,I'm interested in understanding technology's societal impact exploring its positive and negative,graded_recall@10,0.011794871794871795,0.011794871794871795,0.0,tied,False,False
219,I'm interested in understanding technology's societal impact exploring its positive and negative,judged_count@50,50.0,50.0,0.0,tied,False,False
219,I'm interested in understanding technology's societal impact exploring its positive and negative,judged_rate@50,1.0,1.0,0.0,tied,False,False
219,I'm interested in understanding technology's societal impact exploring its positive and negative,precision@50,0.64,0.64,0.0,tied,False,False
219,I'm interested in understanding technology's societal impact exploring its positive and negative,recall@50,0.05517241379310345,0.05517241379310345,0.0,tied,False,False
219,I'm interested in understanding technology's societal impact exploring its positive and negative,hit_rate@50,1.0,1.0,0.0,tied,False,False
219,I'm interested in understanding technology's societal impact exploring its positive and negative,relevant_count@50,32.0,32.0,0.0,tied,False,False
219,I'm interested in understanding technology's societal impact exploring its positive and negative,graded_recall@50,0.052307692307692305,0.052307692307692305,0.0,tied,False,False
219,I'm interested in understanding technology's societal impact exploring its positive and negative,ideal_dcg_coverage@50,0.4407219040834055,0.4407219040834055,0.0,tied,False,False
219,I'm interested in understanding technology's societal impact exploring its positive and negative,recall@100,0.1,0.1,0.0,tied,False,False
224,I want to understand why people immigrate or become refugees the challenges,ndcg@10,0.8164972118893085,0.6926771264153646,-0.12382008547394385,degraded,True,True
224,I want to understand why people immigrate or become refugees the challenges,judged_count@10,10.0,10.0,0.0,tied,False,False
224,I want to understand why people immigrate or become refugees the challenges,judged_rate@10,1.0,1.0,0.0,tied,False,False
224,I want to understand why people immigrate or become refugees the challenges,precision@10,1.0,0.9,-0.09999999999999998,degraded,False,False
224,I want to understand why people immigrate or become refugees the challenges,recall@10,0.015313935681470138,0.013782542113323124,-0.0015313935681470145,degraded,False,False
224,I want to understand why people immigrate or become refugees the challenges,hit_rate@10,1.0,1.0,0.0,tied,False,False
224,I want to understand why people immigrate or become refugees the challenges,relevant_count@10,10.0,9.0,-1.0,degraded,False,False
224,I want to understand why people immigrate or become refugees the challenges,graded_recall@10,0.01639344262295082,0.014988290398126464,-0.0014051522248243568,degraded,False,False
224,I want to understand why people immigrate or become refugees the challenges,judged_count@50,50.0,50.0,0.0,tied,False,False
224,I want to understand why people immigrate or become refugees the challenges,judged_rate@50,1.0,1.0,0.0,tied,False,False
224,I want to understand why people immigrate or become refugees the challenges,precision@50,0.92,0.92,0.0,tied,False,False
224,I want to understand why people immigrate or become refugees the challenges,recall@50,0.07044410413476264,0.07044410413476264,0.0,tied,False,False
224,I want to understand why people immigrate or become refugees the challenges,hit_rate@50,1.0,1.0,0.0,tied,False,False
224,I want to understand why people immigrate or become refugees the challenges,relevant_count@50,46.0,46.0,0.0,tied,False,False
224,I want to understand why people immigrate or become refugees the challenges,graded_recall@50,0.07119437939110071,0.07119437939110071,0.0,tied,False,False
224,I want to understand why people immigrate or become refugees the challenges,ideal_dcg_coverage@50,0.6920174084712105,0.6920174084712105,0.0,tied,False,False
224,I want to understand why people immigrate or become refugees the challenges,recall@100,0.13476263399693722,0.13476263399693722,0.0,tied,False,False
225,I'm exploring how exposure to violent video games and gory content affects,ndcg@10,0.2572640430261628,0.2692174641786153,0.011953421152452515,improved,True,False
225,I'm exploring how exposure to violent video games and gory content affects,judged_count@10,10.0,10.0,0.0,tied,False,False
225,I'm exploring how exposure to violent video games and gory content affects,judged_rate@10,1.0,1.0,0.0,tied,False,False
225,I'm exploring how exposure to violent video games and gory content affects,precision@10,0.9,0.7,-0.20000000000000007,degraded,False,False
225,I'm exploring how exposure to violent video games and gory content affects,recall@10,0.016216216216216217,0.012612612612612612,-0.003603603603603605,degraded,False,False
225,I'm exploring how exposure to violent video games and gory content affects,hit_rate@10,1.0,1.0,0.0,tied,False,False
225,I'm exploring how exposure to violent video games and gory content affects,relevant_count@10,9.0,7.0,-2.0,degraded,False,False
225,I'm exploring how exposure to violent video games and gory content affects,graded_recall@10,0.012873025160912814,0.011702750146284377,-0.0011702750146284375,degraded,False,False
225,I'm exploring how exposure to violent video games and gory content affects,judged_count@50,50.0,50.0,0.0,tied,False,False
225,I'm exploring how exposure to violent video games and gory content affects,judged_rate@50,1.0,1.0,0.0,tied,False,False
225,I'm exploring how exposure to violent video games and gory content affects,precision@50,0.76,0.76,0.0,tied,False,False
225,I'm exploring how exposure to violent video games and gory content affects,recall@50,0.06846846846846846,0.06846846846846846,0.0,tied,False,False
225,I'm exploring how exposure to violent video games and gory content affects,hit_rate@50,1.0,1.0,0.0,tied,False,False
225,I'm exploring how exposure to violent video games and gory content affects,relevant_count@50,38.0,38.0,0.0,tied,False,False
225,I'm exploring how exposure to violent video games and gory content affects,graded_recall@50,0.0590988882387361,0.0590988882387361,0.0,tied,False,False
225,I'm exploring how exposure to violent video games and gory content affects,ideal_dcg_coverage@50,0.40127290036822655,0.40127290036822655,0.0,tied,False,False
225,I'm exploring how exposure to violent video games and gory content affects,recall@100,0.14234234234234233,0.14234234234234233,0.0,tied,False,False
233,I'm interested in learning how social media affects mental health particularly among,ndcg@10,0.5438357471436231,0.7164575782168117,0.17262183107318851,improved,True,False
233,I'm interested in learning how social media affects mental health particularly among,judged_count@10,10.0,10.0,0.0,tied,False,False
233,I'm interested in learning how social media affects mental health particularly among,judged_rate@10,1.0,1.0,0.0,tied,False,False
233,I'm interested in learning how social media affects mental health particularly among,precision@10,0.9,0.9,0.0,tied,False,False
233,I'm interested in learning how social media affects mental health particularly among,recall@10,0.011435832274459974,0.011435832274459974,0.0,tied,False,False
233,I'm interested in learning how social media affects mental health particularly among,hit_rate@10,1.0,1.0,0.0,tied,False,False
233,I'm interested in learning how social media affects mental health particularly among,relevant_count@10,9.0,9.0,0.0,tied,False,False
233,I'm interested in learning how social media affects mental health particularly among,graded_recall@10,0.011064479206409768,0.011446012972148036,0.0003815337657382678,improved,False,False
233,I'm interested in learning how social media affects mental health particularly among,judged_count@50,50.0,50.0,0.0,tied,False,False
233,I'm interested in learning how social media affects mental health particularly among,judged_rate@50,1.0,1.0,0.0,tied,False,False
233,I'm interested in learning how social media affects mental health particularly among,precision@50,0.8,0.8,0.0,tied,False,False
233,I'm interested in learning how social media affects mental health particularly among,recall@50,0.05082592121982211,0.05082592121982211,0.0,tied,False,False
233,I'm interested in learning how social media affects mental health particularly among,hit_rate@50,1.0,1.0,0.0,tied,False,False
233,I'm interested in learning how social media affects mental health particularly among,relevant_count@50,40.0,40.0,0.0,tied,False,False
233,I'm interested in learning how social media affects mental health particularly among,graded_recall@50,0.045784051888592144,0.045784051888592144,0.0,tied,False,False
233,I'm interested in learning how social media affects mental health particularly among,ideal_dcg_coverage@50,0.53793178754907,0.53793178754907,0.0,tied,False,False
233,I'm interested in learning how social media affects mental health particularly among,recall@100,0.08640406607369759,0.08640406607369759,0.0,tied,False,False
273,I want to understand why Africa despite its rich resources is often,ndcg@10,0.32232755593747364,0.4197858790003853,0.09745832306291163,improved,True,False
273,I want to understand why Africa despite its rich resources is often,judged_count@10,10.0,10.0,0.0,tied,False,False
273,I want to understand why Africa despite its rich resources is often,judged_rate@10,1.0,1.0,0.0,tied,False,False
273,I want to understand why Africa despite its rich resources is often,precision@10,0.5,0.7,0.19999999999999996,improved,False,False
273,I want to understand why Africa despite its rich resources is often,recall@10,0.015151515151515152,0.021212121212121213,0.0060606060606060615,improved,False,False
273,I want to understand why Africa despite its rich resources is often,hit_rate@10,1.0,1.0,0.0,tied,False,False
273,I want to understand why Africa despite its rich resources is often,relevant_count@10,5.0,7.0,2.0,improved,False,False
273,I want to understand why Africa despite its rich resources is often,graded_recall@10,0.011339475549255847,0.01630049610205528,0.004961020552799431,improved,False,False
273,I want to understand why Africa despite its rich resources is often,judged_count@50,50.0,50.0,0.0,tied,False,False
273,I want to understand why Africa despite its rich resources is often,judged_rate@50,1.0,1.0,0.0,tied,False,False
273,I want to understand why Africa despite its rich resources is often,precision@50,0.46,0.46,0.0,tied,False,False
273,I want to understand why Africa despite its rich resources is often,recall@50,0.0696969696969697,0.0696969696969697,0.0,tied,False,False
273,I want to understand why Africa despite its rich resources is often,hit_rate@50,1.0,1.0,0.0,tied,False,False
273,I want to understand why Africa despite its rich resources is often,relevant_count@50,23.0,23.0,0.0,tied,False,False
273,I want to understand why Africa despite its rich resources is often,graded_recall@50,0.057406094968107724,0.057406094968107724,0.0,tied,False,False
273,I want to understand why Africa despite its rich resources is often,ideal_dcg_coverage@50,0.4825551998539313,0.4825551998539313,0.0,tied,False,False
273,I want to understand why Africa despite its rich resources is often,recall@100,0.15151515151515152,0.15151515151515152,0.0,tied,False,False
300,I'm interested in learning about effective strategies to prevent and reduce global,ndcg@10,0.35460161022185904,0.47138600823112453,0.11678439800926549,improved,True,False
300,I'm interested in learning about effective strategies to prevent and reduce global,judged_count@10,10.0,10.0,0.0,tied,False,False
300,I'm interested in learning about effective strategies to prevent and reduce global,judged_rate@10,1.0,1.0,0.0,tied,False,False
300,I'm interested in learning about effective strategies to prevent and reduce global,precision@10,0.9,0.8,-0.09999999999999998,degraded,False,False
300,I'm interested in learning about effective strategies to prevent and reduce global,recall@10,0.014173228346456693,0.012598425196850394,-0.0015748031496062992,degraded,False,False
300,I'm interested in learning about effective strategies to prevent and reduce global,hit_rate@10,1.0,1.0,0.0,tied,False,False
300,I'm interested in learning about effective strategies to prevent and reduce global,relevant_count@10,9.0,8.0,-1.0,degraded,False,False
300,I'm interested in learning about effective strategies to prevent and reduce global,graded_recall@10,0.011276499774470004,0.012629679747406405,0.001353179972936401,improved,False,False
300,I'm interested in learning about effective strategies to prevent and reduce global,judged_count@50,50.0,50.0,0.0,tied,False,False
300,I'm interested in learning about effective strategies to prevent and reduce global,judged_rate@50,1.0,1.0,0.0,tied,False,False
300,I'm interested in learning about effective strategies to prevent and reduce global,precision@50,0.74,0.74,0.0,tied,False,False
300,I'm interested in learning about effective strategies to prevent and reduce global,recall@50,0.05826771653543307,0.05826771653543307,0.0,tied,False,False
300,I'm interested in learning about effective strategies to prevent and reduce global,hit_rate@50,1.0,1.0,0.0,tied,False,False
300,I'm interested in learning about effective strategies to prevent and reduce global,relevant_count@50,37.0,37.0,0.0,tied,False,False
300,I'm interested in learning about effective strategies to prevent and reduce global,graded_recall@50,0.05277401894451962,0.05277401894451962,0.0,tied,False,False
300,I'm interested in learning about effective strategies to prevent and reduce global,ideal_dcg_coverage@50,0.5052787884197153,0.5052787884197153,0.0,tied,False,False
300,I'm interested in learning about effective strategies to prevent and reduce global,recall@100,0.11653543307086614,0.11653543307086614,0.0,tied,False,False
407,I'm curious why housing and rent prices have soared particularly in places,ndcg@10,0.2786364164872879,0.4539030660007579,0.17526664951347004,improved,True,False
407,I'm curious why housing and rent prices have soared particularly in places,judged_count@10,10.0,10.0,0.0,tied,False,False
407,I'm curious why housing and rent prices have soared particularly in places,judged_rate@10,1.0,1.0,0.0,tied,False,False
407,I'm curious why housing and rent prices have soared particularly in places,precision@10,0.2,0.3,0.09999999999999998,improved,False,False
407,I'm curious why housing and rent prices have soared particularly in places,recall@10,0.006756756756756757,0.010135135135135136,0.0033783783783783786,improved,False,False
407,I'm curious why housing and rent prices have soared particularly in places,hit_rate@10,1.0,1.0,0.0,tied,False,False
407,I'm curious why housing and rent prices have soared particularly in places,relevant_count@10,2.0,3.0,1.0,improved,False,False
407,I'm curious why housing and rent prices have soared particularly in places,graded_recall@10,0.010014306151645207,0.011444921316165951,0.001430615164520744,improved,False,False
407,I'm curious why housing and rent prices have soared particularly in places,judged_count@50,50.0,50.0,0.0,tied,False,False
407,I'm curious why housing and rent prices have soared particularly in places,judged_rate@50,1.0,1.0,0.0,tied,False,False
407,I'm curious why housing and rent prices have soared particularly in places,precision@50,0.32,0.32,0.0,tied,False,False
407,I'm curious why housing and rent prices have soared particularly in places,recall@50,0.05405405405405406,0.05405405405405406,0.0,tied,False,False
407,I'm curious why housing and rent prices have soared particularly in places,hit_rate@50,1.0,1.0,0.0,tied,False,False
407,I'm curious why housing and rent prices have soared particularly in places,relevant_count@50,16.0,16.0,0.0,tied,False,False
407,I'm curious why housing and rent prices have soared particularly in places,graded_recall@50,0.05078683834048641,0.05078683834048641,0.0,tied,False,False
407,I'm curious why housing and rent prices have soared particularly in places,ideal_dcg_coverage@50,0.422578187672676,0.422578187672676,0.0,tied,False,False
407,I'm curious why housing and rent prices have soared particularly in places,recall@100,0.125,0.125,0.0,tied,False,False
477,I'm trying to understand the concept of race how it's defined debated,ndcg@10,0.4559153326307294,0.5223219106317071,0.06640657800097766,improved,True,False
477,I'm trying to understand the concept of race how it's defined debated,judged_count@10,10.0,10.0,0.0,tied,False,False
477,I'm trying to understand the concept of race how it's defined debated,judged_rate@10,1.0,1.0,0.0,tied,False,False
477,I'm trying to understand the concept of race how it's defined debated,precision@10,0.7,0.9,0.20000000000000007,improved,False,False
477,I'm trying to understand the concept of race how it's defined debated,recall@10,0.013333333333333334,0.017142857142857144,0.0038095238095238095,improved,False,False
477,I'm trying to understand the concept of race how it's defined debated,hit_rate@10,1.0,1.0,0.0,tied,False,False
477,I'm trying to understand the concept of race how it's defined debated,relevant_count@10,7.0,9.0,2.0,improved,False,False
477,I'm trying to understand the concept of race how it's defined debated,graded_recall@10,0.014582164890633763,0.016264722378014584,0.001682557487380821,improved,False,False
477,I'm trying to understand the concept of race how it's defined debated,judged_count@50,50.0,50.0,0.0,tied,False,False
477,I'm trying to understand the concept of race how it's defined debated,judged_rate@50,1.0,1.0,0.0,tied,False,False
477,I'm trying to understand the concept of race how it's defined debated,precision@50,0.62,0.62,0.0,tied,False,False
477,I'm trying to understand the concept of race how it's defined debated,recall@50,0.05904761904761905,0.05904761904761905,0.0,tied,False,False
477,I'm trying to understand the concept of race how it's defined debated,hit_rate@50,1.0,1.0,0.0,tied,False,False
477,I'm trying to understand the concept of race how it's defined debated,relevant_count@50,31.0,31.0,0.0,tied,False,False
477,I'm trying to understand the concept of race how it's defined debated,graded_recall@50,0.06001121704991587,0.06001121704991587,0.0,tied,False,False
477,I'm trying to understand the concept of race how it's defined debated,ideal_dcg_coverage@50,0.48556737884324497,0.48556737884324497,0.0,tied,False,False
477,I'm trying to understand the concept of race how it's defined debated,recall@100,0.10095238095238095,0.10095238095238095,0.0,tied,False,False
499,I'm hoping to understand the arguments for and against legalizing euthanasia including,ndcg@10,0.6816109118659602,0.7292917822080262,0.04768087034206592,improved,True,False
499,I'm hoping to understand the arguments for and against legalizing euthanasia including,judged_count@10,10.0,10.0,0.0,tied,False,False
499,I'm hoping to understand the arguments for and against legalizing euthanasia including,judged_rate@10,1.0,1.0,0.0,tied,False,False
499,I'm hoping to understand the arguments for and against legalizing euthanasia including,precision@10,1.0,0.9,-0.09999999999999998,degraded,False,False
499,I'm hoping to understand the arguments for and against legalizing euthanasia including,recall@10,0.016420361247947456,0.014778325123152709,-0.001642036124794747,degraded,False,False
499,I'm hoping to understand the arguments for and against legalizing euthanasia including,hit_rate@10,1.0,1.0,0.0,tied,False,False
499,I'm hoping to understand the arguments for and against legalizing euthanasia including,relevant_count@10,10.0,9.0,-1.0,degraded,False,False
499,I'm hoping to understand the arguments for and against legalizing euthanasia including,graded_recall@10,0.016042780748663103,0.015556635877491492,-0.0004861448711716114,degraded,False,False
499,I'm hoping to understand the arguments for and against legalizing euthanasia including,judged_count@50,50.0,50.0,0.0,tied,False,False
499,I'm hoping to understand the arguments for and against legalizing euthanasia including,judged_rate@50,1.0,1.0,0.0,tied,False,False
499,I'm hoping to understand the arguments for and against legalizing euthanasia including,precision@50,0.84,0.84,0.0,tied,False,False
499,I'm hoping to understand the arguments for and against legalizing euthanasia including,recall@50,0.06896551724137931,0.06896551724137931,0.0,tied,False,False
499,I'm hoping to understand the arguments for and against legalizing euthanasia including,hit_rate@50,1.0,1.0,0.0,tied,False,False
499,I'm hoping to understand the arguments for and against legalizing euthanasia including,relevant_count@50,42.0,42.0,0.0,tied,False,False
499,I'm hoping to understand the arguments for and against legalizing euthanasia including,graded_recall@50,0.06951871657754011,0.06951871657754011,0.0,tied,False,False
499,I'm hoping to understand the arguments for and against legalizing euthanasia including,ideal_dcg_coverage@50,0.6880349338937115,0.6880349338937115,0.0,tied,False,False
499,I'm hoping to understand the arguments for and against legalizing euthanasia including,recall@100,0.13957307060755336,0.13957307060755336,0.0,tied,False,False
515,I'm interested in learning why cancer rates are rising particularly among young,ndcg@10,0.2299254607424843,0.11877988855028397,-0.11114557219220032,degraded,True,True
515,I'm interested in learning why cancer rates are rising particularly among young,judged_count@10,10.0,10.0,0.0,tied,False,False
515,I'm interested in learning why cancer rates are rising particularly among young,judged_rate@10,1.0,1.0,0.0,tied,False,False
515,I'm interested in learning why cancer rates are rising particularly among young,precision@10,0.1,0.1,0.0,tied,False,False
515,I'm interested in learning why cancer rates are rising particularly among young,recall@10,0.0024154589371980675,0.0024154589371980675,0.0,tied,False,False
515,I'm interested in learning why cancer rates are rising particularly among young,hit_rate@10,1.0,1.0,0.0,tied,False,False
515,I'm interested in learning why cancer rates are rising particularly among young,relevant_count@10,1.0,1.0,0.0,tied,False,False
515,I'm interested in learning why cancer rates are rising particularly among young,graded_recall@10,0.006944444444444444,0.004166666666666667,-0.0027777777777777775,degraded,False,False
515,I'm interested in learning why cancer rates are rising particularly among young,judged_count@50,50.0,50.0,0.0,tied,False,False
515,I'm interested in learning why cancer rates are rising particularly among young,judged_rate@50,1.0,1.0,0.0,tied,False,False
515,I'm interested in learning why cancer rates are rising particularly among young,precision@50,0.06,0.06,0.0,tied,False,False
515,I'm interested in learning why cancer rates are rising particularly among young,recall@50,0.007246376811594203,0.007246376811594203,0.0,tied,False,False
515,I'm interested in learning why cancer rates are rising particularly among young,hit_rate@50,1.0,1.0,0.0,tied,False,False
515,I'm interested in learning why cancer rates are rising particularly among young,relevant_count@50,3.0,3.0,0.0,tied,False,False
515,I'm interested in learning why cancer rates are rising particularly among young,graded_recall@50,0.027083333333333334,0.027083333333333334,0.0,tied,False,False
515,I'm interested in learning why cancer rates are rising particularly among young,ideal_dcg_coverage@50,0.2982978860472572,0.2982978860472572,0.0,tied,False,False
515,I'm interested in learning why cancer rates are rising particularly among young,recall@100,0.021739130434782608,0.021739130434782608,0.0,tied,False,False
707,I'm trying to understand the health risks and potential dangers of various,ndcg@10,0.2026664541869443,0.43877072085844726,0.23610426667150297,improved,True,False
707,I'm trying to understand the health risks and potential dangers of various,judged_count@10,10.0,10.0,0.0,tied,False,False
707,I'm trying to understand the health risks and potential dangers of various,judged_rate@10,1.0,1.0,0.0,tied,False,False
707,I'm trying to understand the health risks and potential dangers of various,precision@10,0.5,0.7,0.19999999999999996,improved,False,False
707,I'm trying to understand the health risks and potential dangers of various,recall@10,0.008532423208191127,0.011945392491467578,0.003412969283276451,improved,False,False
707,I'm trying to understand the health risks and potential dangers of various,hit_rate@10,1.0,1.0,0.0,tied,False,False
707,I'm trying to understand the health risks and potential dangers of various,relevant_count@10,5.0,7.0,2.0,improved,False,False
707,I'm trying to understand the health risks and potential dangers of various,graded_recall@10,0.008205689277899343,0.012035010940919038,0.003829321663019695,improved,False,False
707,I'm trying to understand the health risks and potential dangers of various,judged_count@50,50.0,50.0,0.0,tied,False,False
707,I'm trying to understand the health risks and potential dangers of various,judged_rate@50,1.0,1.0,0.0,tied,False,False
707,I'm trying to understand the health risks and potential dangers of various,precision@50,0.52,0.52,0.0,tied,False,False
707,I'm trying to understand the health risks and potential dangers of various,recall@50,0.04436860068259386,0.04436860068259386,0.0,tied,False,False
707,I'm trying to understand the health risks and potential dangers of various,hit_rate@50,1.0,1.0,0.0,tied,False,False
707,I'm trying to understand the health risks and potential dangers of various,relevant_count@50,26.0,26.0,0.0,tied,False,False
707,I'm trying to understand the health risks and potential dangers of various,graded_recall@50,0.04649890590809628,0.04649890590809628,0.0,tied,False,False
707,I'm trying to understand the health risks and potential dangers of various,ideal_dcg_coverage@50,0.4461330036928143,0.4461330036928143,0.0,tied,False,False
707,I'm trying to understand the health risks and potential dangers of various,recall@100,0.08873720136518772,0.08873720136518772,0.0,tied,False,False
897,I'm trying to understand how alcohol use affects neighborhood quality of life,ndcg@10,0.3048742399056817,0.35146762070990967,0.04659338080422798,improved,True,False
897,I'm trying to understand how alcohol use affects neighborhood quality of life,judged_count@10,10.0,10.0,0.0,tied,False,False
897,I'm trying to understand how alcohol use affects neighborhood quality of life,judged_rate@10,1.0,1.0,0.0,tied,False,False
897,I'm trying to understand how alcohol use affects neighborhood quality of life,precision@10,1.0,1.0,0.0,tied,False,False
897,I'm trying to understand how alcohol use affects neighborhood quality of life,recall@10,0.01483679525222552,0.01483679525222552,0.0,tied,False,False
897,I'm trying to understand how alcohol use affects neighborhood quality of life,hit_rate@10,1.0,1.0,0.0,tied,False,False
897,I'm trying to understand how alcohol use affects neighborhood quality of life,relevant_count@10,10.0,10.0,0.0,tied,False,False
897,I'm trying to understand how alcohol use affects neighborhood quality of life,graded_recall@10,0.010767790262172285,0.011704119850187267,0.0009363295880149818,improved,False,False
897,I'm trying to understand how alcohol use affects neighborhood quality of life,judged_count@50,50.0,50.0,0.0,tied,False,False
897,I'm trying to understand how alcohol use affects neighborhood quality of life,judged_rate@50,1.0,1.0,0.0,tied,False,False
897,I'm trying to understand how alcohol use affects neighborhood quality of life,precision@50,0.78,0.78,0.0,tied,False,False
897,I'm trying to understand how alcohol use affects neighborhood quality of life,recall@50,0.057863501483679525,0.057863501483679525,0.0,tied,False,False
897,I'm trying to understand how alcohol use affects neighborhood quality of life,hit_rate@50,1.0,1.0,0.0,tied,False,False
897,I'm trying to understand how alcohol use affects neighborhood quality of life,relevant_count@50,39.0,39.0,0.0,tied,False,False
897,I'm trying to understand how alcohol use affects neighborhood quality of life,graded_recall@50,0.04915730337078652,0.04915730337078652,0.0,tied,False,False
897,I'm trying to understand how alcohol use affects neighborhood quality of life,ideal_dcg_coverage@50,0.4785911281420176,0.4785911281420176,0.0,tied,False,False
897,I'm trying to understand how alcohol use affects neighborhood quality of life,recall@100,0.12166172106824925,0.12166172106824925,0.0,tied,False,False
