topic_id,topic_title,primary_status,is_big_regression,baseline_ndcg_at_10,candidate_ndcg_at_10,delta_ndcg_at_10,baseline_judged_count_at_10,candidate_judged_count_at_10,delta_judged_count_at_10,baseline_judged_rate_at_10,candidate_judged_rate_at_10,delta_judged_rate_at_10,baseline_precision_at_10,candidate_precision_at_10,delta_precision_at_10,baseline_recall_at_10,candidate_recall_at_10,delta_recall_at_10,baseline_hit_rate_at_10,candidate_hit_rate_at_10,delta_hit_rate_at_10,baseline_relevant_count_at_10,candidate_relevant_count_at_10,delta_relevant_count_at_10,baseline_graded_recall_at_10,candidate_graded_recall_at_10,delta_graded_recall_at_10,baseline_judged_count_at_50,candidate_judged_count_at_50,delta_judged_count_at_50,baseline_judged_rate_at_50,candidate_judged_rate_at_50,delta_judged_rate_at_50,baseline_precision_at_50,candidate_precision_at_50,delta_precision_at_50,baseline_recall_at_50,candidate_recall_at_50,delta_recall_at_50,baseline_hit_rate_at_50,candidate_hit_rate_at_50,delta_hit_rate_at_50,baseline_relevant_count_at_50,candidate_relevant_count_at_50,delta_relevant_count_at_50,baseline_graded_recall_at_50,candidate_graded_recall_at_50,delta_graded_recall_at_50,baseline_ideal_dcg_coverage_at_50,candidate_ideal_dcg_coverage_at_50,delta_ideal_dcg_coverage_at_50,baseline_recall_at_100,candidate_recall_at_100,delta_recall_at_100
14,I'm interested in sports societal impact particularly concerning athlete compensation inclusion cultural,improved,False,0.3553332720985301,0.5574985130473844,0.2021652409488543,10.0,10.0,0.0,1.0,1.0,0.0,0.7,1.0,0.30000000000000004,0.010071942446043165,0.014388489208633094,0.00431654676258993,1.0,1.0,0.0,7.0,10.0,3.0,0.010004547521600727,0.01273306048203729,0.0027285129604365625,50.0,50.0,0.0,1.0,1.0,0.0,0.86,0.86,0.0,0.0618705035971223,0.0618705035971223,0.0,1.0,1.0,0.0,43.0,43.0,0.0,0.059572532969531605,0.059572532969531605,0.0,0.5828025587391206,0.5828025587391206,0.0,0.1223021582733813,0.1223021582733813,0.0
31,I'm seeking to understand the environmental and health impacts of e-waste and,degraded,False,0.8478053202281971,0.8408053145190638,-0.0070000057091332835,10.0,10.0,0.0,1.0,1.0,0.0,1.0,1.0,0.0,0.010810810810810811,0.010810810810810811,0.0,1.0,1.0,0.0,10.0,10.0,0.0,0.011467889908256881,0.012450851900393184,0.0009829619921363029,50.0,50.0,0.0,1.0,1.0,0.0,1.0,1.0,0.0,0.05405405405405406,0.05405405405405406,0.0,1.0,1.0,0.0,50.0,50.0,0.0,0.0563564875491481,0.0563564875491481,0.0,0.8202566914396686,0.8202566914396686,0.0,0.10594594594594595,0.10594594594594595,0.0
37,I'm hoping to gain a deeper understanding of how family structures childhood,improved,False,0.6389817973551069,0.6649017010626942,0.025919903707587344,10.0,10.0,0.0,1.0,1.0,0.0,0.8,0.9,0.09999999999999998,0.009673518742442563,0.010882708585247884,0.0012091898428053215,1.0,1.0,0.0,8.0,9.0,1.0,0.010501750291715286,0.011279657720731234,0.0007779074290159473,50.0,50.0,0.0,1.0,1.0,0.0,0.88,0.88,0.0,0.053204353083434096,0.053204353083434096,0.0,1.0,1.0,0.0,44.0,44.0,0.0,0.049786075457020615,0.049786075457020615,0.0,0.5476132057638449,0.5476132057638449,0.0,0.10519951632406288,0.10519951632406288,0.0
58,I'm interested in nuclear energy's pros cons safety and accident risks like,improved,False,0.5008083446148816,0.7746739296722466,0.273865585057365,10.0,10.0,0.0,1.0,1.0,0.0,1.0,1.0,0.0,0.01937984496124031,0.01937984496124031,0.0,1.0,1.0,0.0,10.0,10.0,0.0,0.01708898055391868,0.020035356511490868,0.0029463759575721893,50.0,50.0,0.0,1.0,1.0,0.0,0.92,0.92,0.0,0.08914728682170543,0.08914728682170543,0.0,1.0,1.0,0.0,46.0,46.0,0.0,0.07955215085444903,0.07955215085444903,0.0,0.6186498789158178,0.6186498789158178,0.0,0.1821705426356589,0.1821705426356589,0.0
72,I want to understand why deforestation is such a major problem Specifically,improved,False,0.3236594716627187,0.7202920029864114,0.3966325313236927,10.0,10.0,0.0,1.0,1.0,0.0,1.0,1.0,0.0,0.011098779134295227,0.011098779134295227,0.0,1.0,1.0,0.0,10.0,10.0,0.0,0.008382815228781,0.011526370939573873,0.0031435557107928735,50.0,50.0,0.0,1.0,1.0,0.0,0.9,0.9,0.0,0.049944506104328525,0.049944506104328525,0.0,1.0,1.0,0.0,45.0,45.0,0.0,0.04645476772616137,0.04645476772616137,0.0,0.6033949938808157,0.6033949938808157,0.0,0.10210876803551609,0.10210876803551609,0.0
84,I'm looking for detailed information about vaccines including their safety the causes,improved,False,0.49180041527240637,0.7831257173839652,0.2913253021115588,10.0,10.0,0.0,1.0,1.0,0.0,1.0,1.0,0.0,0.014265335235378032,0.014265335235378032,0.0,1.0,1.0,0.0,10.0,10.0,0.0,0.012838147638697846,0.016047684548372305,0.0032095369096744597,50.0,50.0,0.0,1.0,1.0,0.0,0.92,0.92,0.0,0.06562054208273894,0.06562054208273894,0.0,1.0,1.0,0.0,46.0,46.0,0.0,0.06464924346629987,0.06464924346629987,0.0,0.6049610542960457,0.6049610542960457,0.0,0.11412268188302425,0.11412268188302425,0.0
144,I'm seeking a comprehensive understanding of financial institutions specifically why banks like,improved,False,0.0886758432964747,0.19924356580779418,0.11056772251131948,10.0,10.0,0.0,1.0,1.0,0.0,0.1,0.4,0.30000000000000004,0.0023752969121140144,0.009501187648456057,0.007125890736342043,1.0,1.0,0.0,1.0,4.0,3.0,0.006715916722632639,0.010073875083948958,0.003357958361316319,50.0,50.0,0.0,1.0,1.0,0.0,0.1,0.1,0.0,0.011876484560570071,0.011876484560570071,0.0,1.0,1.0,0.0,5.0,5.0,0.0,0.03290799194089993,0.03290799194089993,0.0,0.1329994695672314,0.1329994695672314,0.0,0.0332541567695962,0.0332541567695962,0.0
161,I want to understand the main arguments surrounding abortion and why people,improved,False,0.6663255610722455,0.6969039271582186,0.030578366085973085,10.0,10.0,0.0,1.0,1.0,0.0,0.8,0.8,0.0,0.011644832605531296,0.011644832605531296,0.0,1.0,1.0,0.0,8.0,8.0,0.0,0.013419713095788986,0.013882461823229986,0.00046274872744100047,50.0,50.0,0.0,1.0,1.0,0.0,0.86,0.86,0.0,0.06259097525473072,0.06259097525473072,0.0,1.0,1.0,0.0,43.0,43.0,0.0,0.05923183711244794,0.05923183711244794,0.0,0.574971701777365,0.574971701777365,0.0,0.12663755458515283,0.12663755458515283,0.0
200,I want to deeply understand the Holocaust what it was why and,improved,False,0.1400835882196266,0.3869921618764073,0.24690857365678068,10.0,10.0,0.0,1.0,1.0,0.0,0.2,0.5,0.3,0.004048582995951417,0.010121457489878543,0.006072874493927126,1.0,1.0,0.0,2.0,5.0,3.0,0.004383561643835616,0.009315068493150684,0.004931506849315068,50.0,50.0,0.0,1.0,1.0,0.0,0.3,0.3,0.0,0.030364372469635626,0.030364372469635626,0.0,1.0,1.0,0.0,15.0,15.0,0.0,0.02684931506849315,0.02684931506849315,0.0,0.25278885371363036,0.25278885371363036,0.0,0.058704453441295545,0.058704453441295545,0.0
213,I'm looking into the Korean War to learn about its origins how,improved,False,0.11215979380890685,0.46832367247827766,0.3561638786693708,10.0,10.0,0.0,1.0,1.0,0.0,0.5,0.6,0.09999999999999998,0.028901734104046242,0.03468208092485549,0.005780346820809246,1.0,1.0,0.0,5.0,6.0,1.0,0.015037593984962405,0.02631578947368421,0.011278195488721804,50.0,50.0,0.0,1.0,1.0,0.0,0.22,0.22,0.0,0.06358381502890173,0.06358381502890173,0.0,1.0,1.0,0.0,11.0,11.0,0.0,0.05263157894736842,0.05263157894736842,0.0,0.2519300247728689,0.2519300247728689,0.0,0.09826589595375723,0.09826589595375723,0.0
219,I'm interested in understanding technology's societal impact exploring its positive and negative,degraded,False,0.49335731559725,0.405354335134365,-0.08800298046288502,10.0,10.0,0.0,1.0,1.0,0.0,0.7,0.7,0.0,0.01206896551724138,0.01206896551724138,0.0,1.0,1.0,0.0,7.0,7.0,0.0,0.011794871794871795,0.011794871794871795,0.0,50.0,50.0,0.0,1.0,1.0,0.0,0.64,0.64,0.0,0.05517241379310345,0.05517241379310345,0.0,1.0,1.0,0.0,32.0,32.0,0.0,0.052307692307692305,0.052307692307692305,0.0,0.4407219040834055,0.4407219040834055,0.0,0.1,0.1,0.0
224,I want to understand why people immigrate or become refugees the challenges,degraded,True,0.8164972118893085,0.6926771264153646,-0.12382008547394385,10.0,10.0,0.0,1.0,1.0,0.0,1.0,0.9,-0.09999999999999998,0.015313935681470138,0.013782542113323124,-0.0015313935681470145,1.0,1.0,0.0,10.0,9.0,-1.0,0.01639344262295082,0.014988290398126464,-0.0014051522248243568,50.0,50.0,0.0,1.0,1.0,0.0,0.92,0.92,0.0,0.07044410413476264,0.07044410413476264,0.0,1.0,1.0,0.0,46.0,46.0,0.0,0.07119437939110071,0.07119437939110071,0.0,0.6920174084712105,0.6920174084712105,0.0,0.13476263399693722,0.13476263399693722,0.0
225,I'm exploring how exposure to violent video games and gory content affects,improved,False,0.2572640430261628,0.2692174641786153,0.011953421152452515,10.0,10.0,0.0,1.0,1.0,0.0,0.9,0.7,-0.20000000000000007,0.016216216216216217,0.012612612612612612,-0.003603603603603605,1.0,1.0,0.0,9.0,7.0,-2.0,0.012873025160912814,0.011702750146284377,-0.0011702750146284375,50.0,50.0,0.0,1.0,1.0,0.0,0.76,0.76,0.0,0.06846846846846846,0.06846846846846846,0.0,1.0,1.0,0.0,38.0,38.0,0.0,0.0590988882387361,0.0590988882387361,0.0,0.40127290036822655,0.40127290036822655,0.0,0.14234234234234233,0.14234234234234233,0.0
233,I'm interested in learning how social media affects mental health particularly among,improved,False,0.5438357471436231,0.7164575782168117,0.17262183107318851,10.0,10.0,0.0,1.0,1.0,0.0,0.9,0.9,0.0,0.011435832274459974,0.011435832274459974,0.0,1.0,1.0,0.0,9.0,9.0,0.0,0.011064479206409768,0.011446012972148036,0.0003815337657382678,50.0,50.0,0.0,1.0,1.0,0.0,0.8,0.8,0.0,0.05082592121982211,0.05082592121982211,0.0,1.0,1.0,0.0,40.0,40.0,0.0,0.045784051888592144,0.045784051888592144,0.0,0.53793178754907,0.53793178754907,0.0,0.08640406607369759,0.08640406607369759,0.0
273,I want to understand why Africa despite its rich resources is often,improved,False,0.32232755593747364,0.4197858790003853,0.09745832306291163,10.0,10.0,0.0,1.0,1.0,0.0,0.5,0.7,0.19999999999999996,0.015151515151515152,0.021212121212121213,0.0060606060606060615,1.0,1.0,0.0,5.0,7.0,2.0,0.011339475549255847,0.01630049610205528,0.004961020552799431,50.0,50.0,0.0,1.0,1.0,0.0,0.46,0.46,0.0,0.0696969696969697,0.0696969696969697,0.0,1.0,1.0,0.0,23.0,23.0,0.0,0.057406094968107724,0.057406094968107724,0.0,0.4825551998539313,0.4825551998539313,0.0,0.15151515151515152,0.15151515151515152,0.0
300,I'm interested in learning about effective strategies to prevent and reduce global,improved,False,0.35460161022185904,0.47138600823112453,0.11678439800926549,10.0,10.0,0.0,1.0,1.0,0.0,0.9,0.8,-0.09999999999999998,0.014173228346456693,0.012598425196850394,-0.0015748031496062992,1.0,1.0,0.0,9.0,8.0,-1.0,0.011276499774470004,0.012629679747406405,0.001353179972936401,50.0,50.0,0.0,1.0,1.0,0.0,0.74,0.74,0.0,0.05826771653543307,0.05826771653543307,0.0,1.0,1.0,0.0,37.0,37.0,0.0,0.05277401894451962,0.05277401894451962,0.0,0.5052787884197153,0.5052787884197153,0.0,0.11653543307086614,0.11653543307086614,0.0
407,I'm curious why housing and rent prices have soared particularly in places,improved,False,0.2786364164872879,0.4539030660007579,0.17526664951347004,10.0,10.0,0.0,1.0,1.0,0.0,0.2,0.3,0.09999999999999998,0.006756756756756757,0.010135135135135136,0.0033783783783783786,1.0,1.0,0.0,2.0,3.0,1.0,0.010014306151645207,0.011444921316165951,0.001430615164520744,50.0,50.0,0.0,1.0,1.0,0.0,0.32,0.32,0.0,0.05405405405405406,0.05405405405405406,0.0,1.0,1.0,0.0,16.0,16.0,0.0,0.05078683834048641,0.05078683834048641,0.0,0.422578187672676,0.422578187672676,0.0,0.125,0.125,0.0
477,I'm trying to understand the concept of race how it's defined debated,improved,False,0.4559153326307294,0.5223219106317071,0.06640657800097766,10.0,10.0,0.0,1.0,1.0,0.0,0.7,0.9,0.20000000000000007,0.013333333333333334,0.017142857142857144,0.0038095238095238095,1.0,1.0,0.0,7.0,9.0,2.0,0.014582164890633763,0.016264722378014584,0.001682557487380821,50.0,50.0,0.0,1.0,1.0,0.0,0.62,0.62,0.0,0.05904761904761905,0.05904761904761905,0.0,1.0,1.0,0.0,31.0,31.0,0.0,0.06001121704991587,0.06001121704991587,0.0,0.48556737884324497,0.48556737884324497,0.0,0.10095238095238095,0.10095238095238095,0.0
499,I'm hoping to understand the arguments for and against legalizing euthanasia including,improved,False,0.6816109118659602,0.7292917822080262,0.04768087034206592,10.0,10.0,0.0,1.0,1.0,0.0,1.0,0.9,-0.09999999999999998,0.016420361247947456,0.014778325123152709,-0.001642036124794747,1.0,1.0,0.0,10.0,9.0,-1.0,0.016042780748663103,0.015556635877491492,-0.0004861448711716114,50.0,50.0,0.0,1.0,1.0,0.0,0.84,0.84,0.0,0.06896551724137931,0.06896551724137931,0.0,1.0,1.0,0.0,42.0,42.0,0.0,0.06951871657754011,0.06951871657754011,0.0,0.6880349338937115,0.6880349338937115,0.0,0.13957307060755336,0.13957307060755336,0.0
515,I'm interested in learning why cancer rates are rising particularly among young,degraded,True,0.2299254607424843,0.11877988855028397,-0.11114557219220032,10.0,10.0,0.0,1.0,1.0,0.0,0.1,0.1,0.0,0.0024154589371980675,0.0024154589371980675,0.0,1.0,1.0,0.0,1.0,1.0,0.0,0.006944444444444444,0.004166666666666667,-0.0027777777777777775,50.0,50.0,0.0,1.0,1.0,0.0,0.06,0.06,0.0,0.007246376811594203,0.007246376811594203,0.0,1.0,1.0,0.0,3.0,3.0,0.0,0.027083333333333334,0.027083333333333334,0.0,0.2982978860472572,0.2982978860472572,0.0,0.021739130434782608,0.021739130434782608,0.0
707,I'm trying to understand the health risks and potential dangers of various,improved,False,0.2026664541869443,0.43877072085844726,0.23610426667150297,10.0,10.0,0.0,1.0,1.0,0.0,0.5,0.7,0.19999999999999996,0.008532423208191127,0.011945392491467578,0.003412969283276451,1.0,1.0,0.0,5.0,7.0,2.0,0.008205689277899343,0.012035010940919038,0.003829321663019695,50.0,50.0,0.0,1.0,1.0,0.0,0.52,0.52,0.0,0.04436860068259386,0.04436860068259386,0.0,1.0,1.0,0.0,26.0,26.0,0.0,0.04649890590809628,0.04649890590809628,0.0,0.4461330036928143,0.4461330036928143,0.0,0.08873720136518772,0.08873720136518772,0.0
897,I'm trying to understand how alcohol use affects neighborhood quality of life,improved,False,0.3048742399056817,0.35146762070990967,0.04659338080422798,10.0,10.0,0.0,1.0,1.0,0.0,1.0,1.0,0.0,0.01483679525222552,0.01483679525222552,0.0,1.0,1.0,0.0,10.0,10.0,0.0,0.010767790262172285,0.011704119850187267,0.0009363295880149818,50.0,50.0,0.0,1.0,1.0,0.0,0.78,0.78,0.0,0.057863501483679525,0.057863501483679525,0.0,1.0,1.0,0.0,39.0,39.0,0.0,0.04915730337078652,0.04915730337078652,0.0,0.4785911281420176,0.4785911281420176,0.0,0.12166172106824925,0.12166172106824925,0.0
