experiment_id,runtime_id,run_date,split,hits,topic_id,ndcg_at_10,recall_at_100
rag25_bm25_original_litellm_facets_weighted_rrf_v1,rag25_bm25_original_litellm_facets_weighted_rrf_v1,2026-07-05,dev,100,overall,0.4294133095,0.1080879457
rag25_bm25_original_litellm_facets_weighted_rrf_v1,rag25_bm25_original_litellm_facets_weighted_rrf_v1,2026-07-05,dev,100,14,0.3553332721,0.1223021583
rag25_bm25_original_litellm_facets_weighted_rrf_v1,rag25_bm25_original_litellm_facets_weighted_rrf_v1,2026-07-05,dev,100,31,0.8151601554,0.1059459459
rag25_bm25_original_litellm_facets_weighted_rrf_v1,rag25_bm25_original_litellm_facets_weighted_rrf_v1,2026-07-05,dev,100,37,0.6393329221,0.1051995163
rag25_bm25_original_litellm_facets_weighted_rrf_v1,rag25_bm25_original_litellm_facets_weighted_rrf_v1,2026-07-05,dev,100,58,0.5672718385,0.1821705426
rag25_bm25_original_litellm_facets_weighted_rrf_v1,rag25_bm25_original_litellm_facets_weighted_rrf_v1,2026-07-05,dev,100,72,0.3151766999,0.1021087680
rag25_bm25_original_litellm_facets_weighted_rrf_v1,rag25_bm25_original_litellm_facets_weighted_rrf_v1,2026-07-05,dev,100,84,0.5593559390,0.1141226819
rag25_bm25_original_litellm_facets_weighted_rrf_v1,rag25_bm25_original_litellm_facets_weighted_rrf_v1,2026-07-05,dev,100,144,0.0896930112,0.0332541568
rag25_bm25_original_litellm_facets_weighted_rrf_v1,rag25_bm25_original_litellm_facets_weighted_rrf_v1,2026-07-05,dev,100,161,0.7609286033,0.1266375546
rag25_bm25_original_litellm_facets_weighted_rrf_v1,rag25_bm25_original_litellm_facets_weighted_rrf_v1,2026-07-05,dev,100,200,0.1021765711,0.0587044534
rag25_bm25_original_litellm_facets_weighted_rrf_v1,rag25_bm25_original_litellm_facets_weighted_rrf_v1,2026-07-05,dev,100,213,0.1889007339,0.0982658960
rag25_bm25_original_litellm_facets_weighted_rrf_v1,rag25_bm25_original_litellm_facets_weighted_rrf_v1,2026-07-05,dev,100,219,0.5030827123,0.1000000000
rag25_bm25_original_litellm_facets_weighted_rrf_v1,rag25_bm25_original_litellm_facets_weighted_rrf_v1,2026-07-05,dev,100,224,0.8889100449,0.1347626340
rag25_bm25_original_litellm_facets_weighted_rrf_v1,rag25_bm25_original_litellm_facets_weighted_rrf_v1,2026-07-05,dev,100,225,0.2679684109,0.1423423423
rag25_bm25_original_litellm_facets_weighted_rrf_v1,rag25_bm25_original_litellm_facets_weighted_rrf_v1,2026-07-05,dev,100,233,0.6399397127,0.0864040661
rag25_bm25_original_litellm_facets_weighted_rrf_v1,rag25_bm25_original_litellm_facets_weighted_rrf_v1,2026-07-05,dev,100,273,0.3173470028,0.1515151515
rag25_bm25_original_litellm_facets_weighted_rrf_v1,rag25_bm25_original_litellm_facets_weighted_rrf_v1,2026-07-05,dev,100,300,0.3546016102,0.1165354331
rag25_bm25_original_litellm_facets_weighted_rrf_v1,rag25_bm25_original_litellm_facets_weighted_rrf_v1,2026-07-05,dev,100,407,0.2158369580,0.1250000000
rag25_bm25_original_litellm_facets_weighted_rrf_v1,rag25_bm25_original_litellm_facets_weighted_rrf_v1,2026-07-05,dev,100,477,0.4182608131,0.1009523810
rag25_bm25_original_litellm_facets_weighted_rrf_v1,rag25_bm25_original_litellm_facets_weighted_rrf_v1,2026-07-05,dev,100,499,0.6729856913,0.1395730706
rag25_bm25_original_litellm_facets_weighted_rrf_v1,rag25_bm25_original_litellm_facets_weighted_rrf_v1,2026-07-05,dev,100,515,0.2299254607,0.0217391304
rag25_bm25_original_litellm_facets_weighted_rrf_v1,rag25_bm25_original_litellm_facets_weighted_rrf_v1,2026-07-05,dev,100,707,0.2413728976,0.0887372014
rag25_bm25_original_litellm_facets_weighted_rrf_v1,rag25_bm25_original_litellm_facets_weighted_rrf_v1,2026-07-05,dev,100,897,0.3035317474,0.1216617211
