scope,component,grade,count,mean_score,median_score,min_score,max_score
all_topics,document_raw_logit,0,92,5.118885869565218,5.125,1.4375,8.125
all_topics,document_raw_logit,1,287,5.331663763066202,5.375,1.5,9.4375
all_topics,document_raw_logit,2,331,5.701850453172206,5.8125,1.8125,8.75
all_topics,document_raw_logit,3,178,5.957865168539326,5.96875,2.75,9.4375
all_topics,document_raw_logit,4,212,6.53125,6.59375,2.625,9.0625
all_topics,passage_weighted_raw_logit,0,92,4.62111339082223,4.5600000000000005,0.275,8.2578125
all_topics,passage_weighted_raw_logit,1,287,5.152209903385036,5.20375,0.701875,8.69140625
all_topics,passage_weighted_raw_logit,2,331,5.979276431999805,6.000672043010753,1.3731250000000002,9.12625
all_topics,passage_weighted_raw_logit,3,178,6.049123031064999,6.31625,2.5725806451612905,9.07421875
all_topics,passage_weighted_raw_logit,4,212,6.762660069867113,6.99015625,2.00375,9.554375
all_topics,no_coverage_blend,0,92,4.869999630193724,4.858125,1.06125,8.19140625
all_topics,no_coverage_blend,1,287,5.241936833225619,5.23875,1.37890625,9.025390625
all_topics,no_coverage_blend,2,331,5.840563442586006,5.82625,1.823125,8.715389784946236
all_topics,no_coverage_blend,3,178,6.003494099802163,6.1234375000000005,2.848790322580645,9.255859375
all_topics,no_coverage_blend,4,212,6.646955034933557,6.7475000000000005,3.283125,9.14885752688172
all_topics,bounded_coverage_support,0,92,2.4565217391304346,2.0,1.0,6.0
all_topics,bounded_coverage_support,1,287,2.7142857142857144,2.0,0.0,6.0
all_topics,bounded_coverage_support,2,331,2.972809667673716,3.0,1.0,6.0
all_topics,bounded_coverage_support,3,178,2.808988764044944,3.0,0.0,6.0
all_topics,bounded_coverage_support,4,212,3.150943396226415,3.0,1.0,6.0
all_topics,shipped_score,0,92,5.484130064976332,5.3607421875,1.31125,8.69140625
all_topics,shipped_score,1,287,5.920508261797048,5.901875,1.62890625,9.31875
all_topics,shipped_score,2,331,6.583765859504434,6.4940625,2.573125,9.963437500000001
all_topics,shipped_score,3,178,6.705741290813399,6.84015625,3.25390625,10.0634375
all_topics,shipped_score,4,212,7.43469088399016,7.644791666666667,3.726875,9.99
degraded_topics,document_raw_logit,0,15,6.1125,6.125,3.3125,7.125
degraded_topics,document_raw_logit,1,54,5.59375,5.875,1.5,7.25
degraded_topics,document_raw_logit,2,39,5.365384615384615,5.1875,2.625,8.1875
degraded_topics,document_raw_logit,3,35,5.9,5.5625,3.3125,9.4375
degraded_topics,document_raw_logit,4,57,6.769736842105263,7.0625,4.4375,9.0
degraded_topics,passage_weighted_raw_logit,0,15,6.223572916666667,6.8412500000000005,3.129375,7.325000000000001
degraded_topics,passage_weighted_raw_logit,1,54,5.430838062524891,5.663437500000001,0.701875,7.789375000000001
degraded_topics,passage_weighted_raw_logit,2,39,5.213413461538462,4.933125,1.3731250000000002,9.12625
degraded_topics,passage_weighted_raw_logit,3,35,5.420206317204301,4.558125,2.605510752688172,9.07421875
degraded_topics,passage_weighted_raw_logit,4,57,6.859153874269007,7.5546875,3.079375,9.32375
degraded_topics,no_coverage_blend,0,15,6.168036458333334,6.31875,3.2209375,7.2250000000000005
degraded_topics,no_coverage_blend,1,54,5.512294031262446,5.90625,1.8821875000000001,7.40625
degraded_topics,no_coverage_blend,2,39,5.289399038461538,4.988125,2.1865625,8.500625
degraded_topics,no_coverage_blend,3,35,5.66010315860215,5.0,2.959005376344086,9.255859375
degraded_topics,no_coverage_blend,4,57,6.814445358187134,7.4662500000000005,3.8521875000000003,9.14885752688172
degraded_topics,bounded_coverage_support,0,15,3.466666666666667,3.0,1.0,6.0
degraded_topics,bounded_coverage_support,1,54,3.462962962962963,3.0,1.0,6.0
degraded_topics,bounded_coverage_support,2,39,2.6153846153846154,2.0,1.0,6.0
degraded_topics,bounded_coverage_support,3,35,2.742857142857143,3.0,0.0,6.0
degraded_topics,bounded_coverage_support,4,57,3.4035087719298245,3.0,1.0,6.0
degraded_topics,shipped_score,0,15,7.034703125,7.0846875,3.4709375,8.490937500000001
degraded_topics,shipped_score,1,54,6.378034772003186,6.925625,2.1321875,8.4603125
degraded_topics,shipped_score,2,39,5.9432451923076925,5.7059375,2.9365625,9.6171875
degraded_topics,shipped_score,3,35,6.345817444316436,5.6103125,3.709005376344086,10.0634375
degraded_topics,shipped_score,4,57,7.665322551169591,7.826875,4.1021875,9.8996875
topic_31,document_raw_logit,2,9,7.673611111111111,7.875,6.8125,8.1875
topic_31,document_raw_logit,3,10,7.94375,8.0,5.9375,9.4375
topic_31,document_raw_logit,4,31,7.784274193548387,7.75,6.5,9.0
topic_31,passage_weighted_raw_logit,2,9,8.323472222222222,8.293125,7.853125,9.12625
topic_31,passage_weighted_raw_logit,3,10,8.193839885752688,8.265,6.3031250000000005,9.07421875
topic_31,passage_weighted_raw_logit,4,31,8.474831555671177,8.589375,6.355625,9.32375
topic_31,no_coverage_blend,2,9,7.998541666666667,8.0840625,7.3825,8.500625
topic_31,no_coverage_blend,3,10,8.068794942876345,8.11901377688172,6.120312500000001,9.255859375
topic_31,no_coverage_blend,4,31,8.129552874609782,8.1809375,6.576875,9.14885752688172
topic_31,bounded_coverage_support,2,9,3.0,3.0,1.0,6.0
topic_31,bounded_coverage_support,3,10,3.0,3.0,1.0,6.0
topic_31,bounded_coverage_support,4,31,3.6451612903225805,3.0,1.0,6.0
topic_31,shipped_score,2,9,8.748541666666666,8.5528125,7.8640625,9.6171875
topic_31,shipped_score,3,10,8.818794942876345,8.71745127688172,6.620312500000001,10.0634375
topic_31,shipped_score,4,31,9.040843197190426,9.224375,7.3965625,9.8996875
topic_219,document_raw_logit,0,1,3.3125,3.3125,3.3125,3.3125
topic_219,document_raw_logit,1,17,4.389705882352941,4.4375,1.5,6.5625
topic_219,document_raw_logit,2,18,4.347222222222222,4.625,2.625,6.1875
topic_219,document_raw_logit,3,7,4.383928571428571,4.3125,3.3125,5.8125
topic_219,document_raw_logit,4,7,5.651785714285714,5.6875,4.625,6.625
topic_219,passage_weighted_raw_logit,0,1,3.129375,3.129375,3.129375,3.129375
topic_219,passage_weighted_raw_logit,1,17,3.8550000000000004,3.675625,0.701875,5.984375
topic_219,passage_weighted_raw_logit,2,18,3.7620746527777778,3.455,1.3731250000000002,6.306875
topic_219,passage_weighted_raw_logit,3,7,3.672035330261137,3.760625,2.605510752688172,4.609375
topic_219,passage_weighted_raw_logit,4,7,5.141071428571429,4.661875,4.260625,6.626250000000001
topic_219,no_coverage_blend,0,1,3.2209375,3.2209375,3.2209375,3.2209375
topic_219,no_coverage_blend,1,17,4.12235294117647,4.4315625,1.8821875000000001,6.1403125
topic_219,no_coverage_blend,2,18,4.0546484375,3.83734375,2.1865625,6.1846875
topic_219,no_coverage_blend,3,7,4.027981950844854,3.8296875000000004,2.959005376344086,5.0
topic_219,no_coverage_blend,4,7,5.396428571428571,5.326875,4.465,6.625625
topic_219,bounded_coverage_support,0,1,1.0,1.0,1.0,1.0
topic_219,bounded_coverage_support,1,17,2.5294117647058822,3.0,1.0,4.0
topic_219,bounded_coverage_support,2,18,2.2777777777777777,2.0,1.0,6.0
topic_219,bounded_coverage_support,3,7,2.7142857142857144,3.0,2.0,4.0
topic_219,bounded_coverage_support,4,7,3.0,3.0,1.0,6.0
topic_219,shipped_score,0,1,3.4709375,3.4709375,3.4709375,3.4709375
topic_219,shipped_score,1,17,4.754705882352941,4.839062500000001,2.1321875,6.8903125
topic_219,shipped_score,2,18,4.624092881944445,4.3373437500000005,2.9365625,7.6846875
topic_219,shipped_score,3,7,4.706553379416283,4.4740625000000005,3.709005376344086,5.9921875
topic_219,shipped_score,4,7,6.146428571428571,5.9559375,4.965,7.625625
topic_224,document_raw_logit,1,4,5.4375,5.6875,4.3125,6.0625
topic_224,document_raw_logit,2,9,4.826388888888889,5.0625,4.0,6.1875
topic_224,document_raw_logit,3,18,5.354166666666667,5.125,3.75,7.6875
topic_224,document_raw_logit,4,19,5.526315789473684,5.5,4.4375,7.6875
topic_224,passage_weighted_raw_logit,1,4,4.356718750000001,4.9,2.055625,5.571250000000001
topic_224,passage_weighted_raw_logit,2,9,4.559392361111112,4.720625,2.7456250000000004,6.70703125
topic_224,passage_weighted_raw_logit,3,18,4.559143051821984,3.9215625000000003,2.9562500000000003,6.938172043010753
topic_224,passage_weighted_raw_logit,4,19,4.856025926711941,4.880625,3.079375,7.5546875
topic_224,no_coverage_blend,1,4,4.897109375,5.29375,3.1840625,5.8168750000000005
topic_224,no_coverage_blend,2,9,4.692890625,4.6884375,3.4665625,6.447265625
topic_224,no_coverage_blend,3,18,4.956654859244325,4.475625000000001,3.433467741935484,7.312836021505376
topic_224,no_coverage_blend,4,19,5.191170858092812,5.2215625,3.8521875000000003,7.62109375
topic_224,bounded_coverage_support,1,4,3.5,3.5,2.0,5.0
topic_224,bounded_coverage_support,2,9,2.6666666666666665,2.0,2.0,5.0
topic_224,bounded_coverage_support,3,18,2.611111111111111,3.0,0.0,5.0
topic_224,bounded_coverage_support,4,19,3.1578947368421053,3.0,1.0,6.0
topic_224,shipped_score,1,4,5.772109375,6.04375,3.9340625,7.0668750000000005
topic_224,shipped_score,2,9,5.3595572916666665,5.2165625,3.9665625,6.947265625
topic_224,shipped_score,3,18,5.609432637022103,5.341875,3.933467741935484,7.562836021505376
topic_224,shipped_score,4,19,5.980644542303339,6.0275,4.1021875,7.87109375
topic_515,document_raw_logit,0,14,6.3125,6.21875,5.25,7.125
topic_515,document_raw_logit,1,33,6.232954545454546,6.4375,4.0625,7.25
topic_515,document_raw_logit,2,3,6.166666666666667,6.375,5.3125,6.8125
topic_515,passage_weighted_raw_logit,0,14,6.444587053571429,6.856171875,4.558750000000001,7.325000000000001
topic_515,passage_weighted_raw_logit,1,33,6.372829708374064,6.321875,4.730625,7.789375000000001
topic_515,passage_weighted_raw_logit,2,3,6.553333333333334,6.952500000000001,5.599375,7.108125
topic_515,no_coverage_blend,0,14,6.378543526785714,6.4517187499999995,5.154375,7.2250000000000005
topic_515,no_coverage_blend,1,33,6.302892126914305,6.424375,4.6603125,7.40625
topic_515,no_coverage_blend,2,3,6.36,6.741562500000001,5.4559375,6.8825
topic_515,bounded_coverage_support,0,14,3.642857142857143,3.0,2.0,6.0
topic_515,bounded_coverage_support,1,33,3.9393939393939394,4.0,2.0,6.0
topic_515,bounded_coverage_support,2,3,3.3333333333333335,3.0,1.0,6.0
topic_515,shipped_score,0,14,7.289257812500001,7.291367187500001,5.904375,8.490937500000001
topic_515,shipped_score,1,33,7.287740611762789,7.50375,5.4103125,8.4603125
topic_515,shipped_score,2,3,7.193333333333333,7.6325,5.7059375,8.2415625
