topic_id,topic_title,system,ndcg_at_10,delta_vs_bm25,precision_at_10,relevant_count_at_10,graded_recall_at_10
14,I'm interested in sports societal impact particularly concerning athlete compensation inclusion cultural,bm25,0.3553332720985301,0.0,0.7,7.0,0.010004547521600727
14,I'm interested in sports societal impact particularly concerning athlete compensation inclusion cultural,document,0.49658672457111663,0.14125345247258653,1.0,10.0,0.01227830832196453
14,I'm interested in sports societal impact particularly concerning athlete compensation inclusion cultural,passage,0.39392027393157064,0.038587001833040535,1.0,10.0,0.01182355616189177
14,I'm interested in sports societal impact particularly concerning athlete compensation inclusion cultural,no_coverage,0.4762227008869149,0.12088942878838477,1.0,10.0,0.01227830832196453
14,I'm interested in sports societal impact particularly concerning athlete compensation inclusion cultural,shipped,0.5574985130473844,0.2021652409488543,1.0,10.0,0.01273306048203729
31,I'm seeking to understand the environmental and health impacts of e-waste and,bm25,0.8478053202281971,0.0,1.0,10.0,0.011467889908256881
31,I'm seeking to understand the environmental and health impacts of e-waste and,document,0.7821141768395758,-0.06569114338862125,1.0,10.0,0.012123197903014417
31,I'm seeking to understand the environmental and health impacts of e-waste and,passage,0.8948555208537554,0.047050200625558314,1.0,10.0,0.012123197903014417
31,I'm seeking to understand the environmental and health impacts of e-waste and,no_coverage,0.8016778893994051,-0.046127430828792004,1.0,10.0,0.012123197903014417
31,I'm seeking to understand the environmental and health impacts of e-waste and,shipped,0.8408053145190638,-0.0070000057091332835,1.0,10.0,0.012450851900393184
37,I'm hoping to gain a deeper understanding of how family structures childhood,bm25,0.6389817973551069,0.0,0.8,8.0,0.010501750291715286
37,I'm hoping to gain a deeper understanding of how family structures childhood,document,0.6189029683696081,-0.02007882898549873,1.0,10.0,0.011668611435239206
37,I'm hoping to gain a deeper understanding of how family structures childhood,passage,0.6648244363181758,0.02584263896306893,1.0,10.0,0.012446518864255154
37,I'm hoping to gain a deeper understanding of how family structures childhood,no_coverage,0.7329067922513033,0.09392499489619643,1.0,10.0,0.012835472578763127
37,I'm hoping to gain a deeper understanding of how family structures childhood,shipped,0.6649017010626942,0.025919903707587344,0.9,9.0,0.011279657720731234
58,I'm interested in nuclear energy's pros cons safety and accident risks like,bm25,0.5008083446148816,0.0,1.0,10.0,0.01708898055391868
58,I'm interested in nuclear energy's pros cons safety and accident risks like,document,0.8510491684155576,0.350240823800676,1.0,10.0,0.020624631703005304
58,I'm interested in nuclear energy's pros cons safety and accident risks like,passage,0.7824684367925733,0.2816600921776917,1.0,10.0,0.020035356511490868
58,I'm interested in nuclear energy's pros cons safety and accident risks like,no_coverage,0.8731943682072153,0.37238602359233375,1.0,10.0,0.02121390689451974
58,I'm interested in nuclear energy's pros cons safety and accident risks like,shipped,0.7746739296722466,0.273865585057365,1.0,10.0,0.020035356511490868
72,I want to understand why deforestation is such a major problem Specifically,bm25,0.3236594716627187,0.0,1.0,10.0,0.008382815228781
72,I want to understand why deforestation is such a major problem Specifically,document,0.6532948062950648,0.32963533463234607,0.8,8.0,0.011177086971707998
72,I want to understand why deforestation is such a major problem Specifically,passage,0.6344806497237936,0.3108211780610749,1.0,10.0,0.011177086971707998
72,I want to understand why deforestation is such a major problem Specifically,no_coverage,0.66574694786264,0.3420874761999213,0.9,9.0,0.011526370939573873
72,I want to understand why deforestation is such a major problem Specifically,shipped,0.7202920029864114,0.3966325313236927,1.0,10.0,0.011526370939573873
84,I'm looking for detailed information about vaccines including their safety the causes,bm25,0.49180041527240637,0.0,1.0,10.0,0.012838147638697846
84,I'm looking for detailed information about vaccines including their safety the causes,document,0.7297606321212371,0.23796021684883073,1.0,10.0,0.015589179275561669
84,I'm looking for detailed information about vaccines including their safety the causes,passage,0.8815318250987025,0.38973140982629617,1.0,10.0,0.016964695093993582
84,I'm looking for detailed information about vaccines including their safety the causes,no_coverage,0.7865036436700775,0.29470322839767116,1.0,10.0,0.016506189821182942
84,I'm looking for detailed information about vaccines including their safety the causes,shipped,0.7831257173839652,0.2913253021115588,1.0,10.0,0.016047684548372305
144,I'm seeking a comprehensive understanding of financial institutions specifically why banks like,bm25,0.0886758432964747,0.0,0.1,1.0,0.006715916722632639
144,I'm seeking a comprehensive understanding of financial institutions specifically why banks like,document,0.17967985324796482,0.09100400995149012,0.5,5.0,0.010745466756212223
144,I'm seeking a comprehensive understanding of financial institutions specifically why banks like,passage,0.1760118537556192,0.0873360104591445,0.4,4.0,0.010073875083948958
144,I'm seeking a comprehensive understanding of financial institutions specifically why banks like,no_coverage,0.1689986838129907,0.08032284051651602,0.4,4.0,0.010073875083948958
144,I'm seeking a comprehensive understanding of financial institutions specifically why banks like,shipped,0.19924356580779418,0.11056772251131948,0.4,4.0,0.010073875083948958
161,I want to understand the main arguments surrounding abortion and why people,bm25,0.6663255610722455,0.0,0.8,8.0,0.013419713095788986
161,I want to understand the main arguments surrounding abortion and why people,document,0.7214093229938194,0.05508376192157394,0.8,8.0,0.013882461823229986
161,I want to understand the main arguments surrounding abortion and why people,passage,0.7298011200663542,0.06347555899410873,0.9,9.0,0.014345210550670985
161,I want to understand the main arguments surrounding abortion and why people,no_coverage,0.7297780188370698,0.06345245776482433,0.8,8.0,0.013882461823229986
161,I want to understand the main arguments surrounding abortion and why people,shipped,0.6969039271582186,0.030578366085973085,0.8,8.0,0.013882461823229986
200,I want to deeply understand the Holocaust what it was why and,bm25,0.1400835882196266,0.0,0.2,2.0,0.004383561643835616
200,I want to deeply understand the Holocaust what it was why and,document,0.3944764945510129,0.25439290633138634,0.5,5.0,0.009315068493150684
200,I want to deeply understand the Holocaust what it was why and,passage,0.37161807664438223,0.23153448842475563,0.6,6.0,0.010410958904109589
200,I want to deeply understand the Holocaust what it was why and,no_coverage,0.4078732159451032,0.26778962772547654,0.6,6.0,0.009863013698630137
200,I want to deeply understand the Holocaust what it was why and,shipped,0.3869921618764073,0.24690857365678068,0.5,5.0,0.009315068493150684
213,I'm looking into the Korean War to learn about its origins how,bm25,0.11215979380890685,0.0,0.5,5.0,0.015037593984962405
213,I'm looking into the Korean War to learn about its origins how,document,0.4686986256116594,0.3565388318027526,0.6,6.0,0.02631578947368421
213,I'm looking into the Korean War to learn about its origins how,passage,0.4862206470011521,0.37406085319224525,0.7,7.0,0.02756892230576441
213,I'm looking into the Korean War to learn about its origins how,no_coverage,0.4668432213852726,0.3546834275763658,0.5,5.0,0.02506265664160401
213,I'm looking into the Korean War to learn about its origins how,shipped,0.46832367247827766,0.3561638786693708,0.6,6.0,0.02631578947368421
219,I'm interested in understanding technology's societal impact exploring its positive and negative,bm25,0.49335731559725,0.0,0.7,7.0,0.011794871794871795
219,I'm interested in understanding technology's societal impact exploring its positive and negative,document,0.4834463263084908,-0.009910989288759164,0.7,7.0,0.012307692307692308
219,I'm interested in understanding technology's societal impact exploring its positive and negative,passage,0.45468973210929137,-0.03866758348795862,0.7,7.0,0.010769230769230769
219,I'm interested in understanding technology's societal impact exploring its positive and negative,no_coverage,0.5243859292317408,0.031028613634490776,0.7,7.0,0.01282051282051282
219,I'm interested in understanding technology's societal impact exploring its positive and negative,shipped,0.405354335134365,-0.08800298046288502,0.7,7.0,0.011794871794871795
224,I want to understand why people immigrate or become refugees the challenges,bm25,0.8164972118893085,0.0,1.0,10.0,0.01639344262295082
224,I want to understand why people immigrate or become refugees the challenges,document,0.597433124173505,-0.21906408771580343,0.8,8.0,0.013114754098360656
224,I want to understand why people immigrate or become refugees the challenges,passage,0.6437643461913922,-0.17273286569791624,0.9,9.0,0.014519906323185013
224,I want to understand why people immigrate or become refugees the challenges,no_coverage,0.5425268374659921,-0.2739703744233164,0.8,8.0,0.012646370023419205
224,I want to understand why people immigrate or become refugees the challenges,shipped,0.6926771264153646,-0.12382008547394385,0.9,9.0,0.014988290398126464
225,I'm exploring how exposure to violent video games and gory content affects,bm25,0.2572640430261628,0.0,0.9,9.0,0.012873025160912814
225,I'm exploring how exposure to violent video games and gory content affects,document,0.22497900072146443,-0.032285042304698364,0.7,7.0,0.010532475131655939
225,I'm exploring how exposure to violent video games and gory content affects,passage,0.3082168791650032,0.050952836138840385,0.8,8.0,0.012873025160912814
225,I'm exploring how exposure to violent video games and gory content affects,no_coverage,0.2520659724932384,-0.00519807053292437,0.7,7.0,0.011117612638970159
225,I'm exploring how exposure to violent video games and gory content affects,shipped,0.2692174641786153,0.011953421152452515,0.7,7.0,0.011702750146284377
233,I'm interested in learning how social media affects mental health particularly among,bm25,0.5438357471436231,0.0,0.9,9.0,0.011064479206409768
233,I'm interested in learning how social media affects mental health particularly among,document,0.6076018502803302,0.06376610313670705,0.9,9.0,0.011446012972148036
233,I'm interested in learning how social media affects mental health particularly among,passage,0.7204423892278158,0.17660664208419263,1.0,10.0,0.011827546737886304
233,I'm interested in learning how social media affects mental health particularly among,no_coverage,0.7232347746269471,0.17939902748332393,0.9,9.0,0.012209080503624571
233,I'm interested in learning how social media affects mental health particularly among,shipped,0.7164575782168117,0.17262183107318851,0.9,9.0,0.011446012972148036
273,I want to understand why Africa despite its rich resources is often,bm25,0.32232755593747364,0.0,0.5,5.0,0.011339475549255847
273,I want to understand why Africa despite its rich resources is often,document,0.34362628237274295,0.02129872643526931,0.7,7.0,0.01559177888022679
273,I want to understand why Africa despite its rich resources is often,passage,0.3744071617992721,0.05207960586179844,0.7,7.0,0.01630049610205528
273,I want to understand why Africa despite its rich resources is often,no_coverage,0.37283534706372906,0.05050779112625542,0.7,7.0,0.01630049610205528
273,I want to understand why Africa despite its rich resources is often,shipped,0.4197858790003853,0.09745832306291163,0.7,7.0,0.01630049610205528
300,I'm interested in learning about effective strategies to prevent and reduce global,bm25,0.35460161022185904,0.0,0.9,9.0,0.011276499774470004
300,I'm interested in learning about effective strategies to prevent and reduce global,document,0.3383419309940879,-0.016259679227771162,0.7,7.0,0.010374379792512404
300,I'm interested in learning about effective strategies to prevent and reduce global,passage,0.3608847757088042,0.00628316548694513,0.7,7.0,0.010374379792512404
300,I'm interested in learning about effective strategies to prevent and reduce global,no_coverage,0.43750820940535323,0.08290659918349419,0.7,7.0,0.011276499774470004
300,I'm interested in learning about effective strategies to prevent and reduce global,shipped,0.47138600823112453,0.11678439800926549,0.8,8.0,0.012629679747406405
407,I'm curious why housing and rent prices have soared particularly in places,bm25,0.2786364164872879,0.0,0.2,2.0,0.010014306151645207
407,I'm curious why housing and rent prices have soared particularly in places,document,0.4825774687322813,0.20394105224499343,0.4,4.0,0.012160228898426323
407,I'm curious why housing and rent prices have soared particularly in places,passage,0.5235119952685049,0.24487557878121702,0.3,3.0,0.011444921316165951
407,I'm curious why housing and rent prices have soared particularly in places,no_coverage,0.4258322709546745,0.14719585446738664,0.2,2.0,0.010014306151645207
407,I'm curious why housing and rent prices have soared particularly in places,shipped,0.4539030660007579,0.17526664951347004,0.3,3.0,0.011444921316165951
477,I'm trying to understand the concept of race how it's defined debated,bm25,0.4559153326307294,0.0,0.7,7.0,0.014582164890633763
477,I'm trying to understand the concept of race how it's defined debated,document,0.5818582683085857,0.12594293567785625,0.9,9.0,0.016264722378014584
477,I'm trying to understand the concept of race how it's defined debated,passage,0.6805333388206749,0.22461800618994548,0.9,9.0,0.0179472798653954
477,I'm trying to understand the concept of race how it's defined debated,no_coverage,0.6143395740064804,0.158424241375751,0.9,9.0,0.01682557487380819
477,I'm trying to understand the concept of race how it's defined debated,shipped,0.5223219106317071,0.06640657800097766,0.9,9.0,0.016264722378014584
499,I'm hoping to understand the arguments for and against legalizing euthanasia including,bm25,0.6816109118659602,0.0,1.0,10.0,0.016042780748663103
499,I'm hoping to understand the arguments for and against legalizing euthanasia including,document,0.8118252338307684,0.1302143219648082,0.9,9.0,0.01652892561983471
499,I'm hoping to understand the arguments for and against legalizing euthanasia including,passage,0.652697796397541,-0.028913115468419237,0.9,9.0,0.014584346135148274
499,I'm hoping to understand the arguments for and against legalizing euthanasia including,no_coverage,0.7851014650994129,0.10349055323345269,0.9,9.0,0.01652892561983471
499,I'm hoping to understand the arguments for and against legalizing euthanasia including,shipped,0.7292917822080262,0.04768087034206592,0.9,9.0,0.015556635877491492
515,I'm interested in learning why cancer rates are rising particularly among young,bm25,0.2299254607424843,0.0,0.1,1.0,0.006944444444444444
515,I'm interested in learning why cancer rates are rising particularly among young,document,0.1265791402264766,-0.1033463205160077,0.0,0.0,0.004166666666666667
515,I'm interested in learning why cancer rates are rising particularly among young,passage,0.18245741351056777,-0.04746804723191653,0.1,1.0,0.00625
515,I'm interested in learning why cancer rates are rising particularly among young,no_coverage,0.12408546155565198,-0.10583999918683232,0.0,0.0,0.004166666666666667
515,I'm interested in learning why cancer rates are rising particularly among young,shipped,0.11877988855028397,-0.11114557219220032,0.1,1.0,0.004166666666666667
707,I'm trying to understand the health risks and potential dangers of various,bm25,0.2026664541869443,0.0,0.5,5.0,0.008205689277899343
707,I'm trying to understand the health risks and potential dangers of various,document,0.33538628109985263,0.13271982691290835,0.5,5.0,0.009846827133479213
707,I'm trying to understand the health risks and potential dangers of various,passage,0.37053336129902537,0.16786690711208108,0.6,6.0,0.010393873085339168
707,I'm trying to understand the health risks and potential dangers of various,no_coverage,0.40255141204073797,0.19988495785379368,0.6,6.0,0.010393873085339168
707,I'm trying to understand the health risks and potential dangers of various,shipped,0.43877072085844726,0.23610426667150297,0.7,7.0,0.012035010940919038
897,I'm trying to understand how alcohol use affects neighborhood quality of life,bm25,0.3048742399056817,0.0,1.0,10.0,0.010767790262172285
897,I'm trying to understand how alcohol use affects neighborhood quality of life,document,0.41871582245277034,0.11384158254708865,0.9,9.0,0.011704119850187267
897,I'm trying to understand how alcohol use affects neighborhood quality of life,passage,0.3594996676611366,0.054625427755454925,0.9,9.0,0.011704119850187267
897,I'm trying to understand how alcohol use affects neighborhood quality of life,no_coverage,0.40633579713274676,0.10146155722706507,0.9,9.0,0.012172284644194757
897,I'm trying to understand how alcohol use affects neighborhood quality of life,shipped,0.35146762070990967,0.04659338080422798,1.0,10.0,0.011704119850187267
