scope,component,candidate_count,judged_count,spearman_vs_grade,auc_relevance,relevance_threshold,mean_relevant_score,mean_nonrelevant_score
all_topics,document_raw_logit,1100,1100,0.3222023515387242,0.6576910550064224,2,6.008928571428571,5.280013192612137
all_topics,passage_weighted_raw_logit,1100,1100,0.36121910873387414,0.6994261854138382,2,6.2268631530282015,5.023289377908049
all_topics,no_coverage_blend,1100,1100,0.3596287674746149,0.6900486351776154,2,6.117895862228386,5.151651285260093
all_topics,bounded_coverage_support,1100,1100,0.1130271410721649,0.559977896427931,2,2.984743411927878,2.6517150395778364
all_topics,shipped_score,1100,1100,0.35648024154983404,0.6879315960316037,2,6.864081715210356,5.814580045154552
degraded_topics,document_raw_logit,200,200,0.23521427383703475,0.5623962827746433,2,6.119274809160306,5.706521739130435
degraded_topics,passage_weighted_raw_logit,200,200,0.186637361145607,0.5377807279566323,2,5.984748984240335,5.603171726468755
degraded_topics,no_coverage_blend,200,200,0.20592683710987994,0.5459674742781281,2,6.0520118967003205,5.654846732799595
degraded_topics,bounded_coverage_support,200,200,-0.01779990112791408,0.42244717335988496,2,2.9923664122137406,3.463768115942029
degraded_topics,shipped_score,200,200,0.19624655097722943,0.5325810377254121,2,6.800103499753756,6.520788761785102
topic_31,document_raw_logit,50,50,0.012750273504170651,,2,7.79625,
topic_31,passage_weighted_raw_logit,50,50,0.23189332276473482,,2,8.391388541666666,
topic_31,no_coverage_blend,50,50,0.1361269876512161,,2,8.093819270833334,
topic_31,bounded_coverage_support,50,50,0.19084297405326497,,2,3.4,
topic_31,shipped_score,50,50,0.1867582326503634,,2,8.943819270833334,
topic_219,document_raw_logit,50,50,0.24567404236742793,0.5616319444444444,2,4.640625,4.329861111111111
topic_219,passage_weighted_raw_logit,50,50,0.18621067821501633,0.5329861111111112,2,4.0440340956821235,3.8146875000000002
topic_219,no_coverage_blend,50,50,0.2573807318579209,0.5711805555555556,2,4.342329547841062,4.072274305555555
topic_219,bounded_coverage_support,50,50,0.10158243478781645,0.4895833333333333,2,2.53125,2.4444444444444446
topic_219,shipped_score,50,50,0.23874455362163305,0.546875,2,4.975142047841062,4.683385416666667
topic_224,document_raw_logit,50,50,0.20103692660343422,0.4048913043478261,2,5.322010869565218,5.4375
topic_224,passage_weighted_raw_logit,50,50,0.13505357440581478,0.4945652173913043,2,4.681817365007013,4.356718750000001
topic_224,no_coverage_blend,50,50,0.18527296902867704,0.45108695652173914,2,5.001914117286115,4.897109375
topic_224,bounded_coverage_support,50,50,0.01948227830535486,0.35597826086956524,2,2.847826086956522,3.5
topic_224,shipped_score,50,50,0.18237569626197345,0.44565217391304346,2,5.713870639025245,5.772109375
topic_515,document_raw_logit,50,50,-0.05273227576335243,0.43617021276595747,2,6.166666666666667,6.256648936170213
topic_515,passage_weighted_raw_logit,50,50,-0.018894943839026637,0.574468085106383,2,6.553333333333334,6.394204236730726
topic_515,no_coverage_blend,50,50,-0.029295830355922033,0.5390070921985816,2,6.36,6.325426586450469
topic_515,bounded_coverage_support,50,50,0.037672362112615404,0.425531914893617,2,3.3333333333333335,3.851063829787234
topic_515,shipped_score,50,50,-0.006298314613008879,0.524822695035461,2,7.193333333333333,7.288192543897278
