topic_id,topic_title,docid,grade,is_relevant,movement,bm25_rank,shipped_rank,promotion,document_rank,passage_rank,no_coverage_rank,document_raw_logit,passage_weighted_raw_logit,bounded_coverage_support,no_coverage_score,shipped_score,bm25_dcg_contribution,shipped_dcg_contribution,dcg_contribution_delta
224,I want to understand why people immigrate or become refugees the challenges,shard_00980_9954,4,True,entered_top10,11,1,10,1,1,1,7.6875,7.5546875,1,7.62109375,7.87109375,0.0,15.0,15.0
224,I want to understand why people immigrate or become refugees the challenges,shard_06460_56923,4,True,exited_top10,1,12,-11,11,28,18,5.9375,4.60875,5,5.273125,6.523125,15.0,0.0,-15.0
224,I want to understand why people immigrate or become refugees the challenges,shard_02343_38729,4,True,stayed_top10,2,9,-7,17,22,19,5.5625,4.880625,6,5.2215625,6.7215625,9.463946303571863,4.515449934959718,-4.948496368612145
224,I want to understand why people immigrate or become refugees the challenges,shard_03453_79857,3,True,entered_top10,16,2,14,2,2,2,7.6875,6.938172043010753,1,7.312836021505376,7.562836021505376,0.0,4.4165082750002025,4.4165082750002025
224,I want to understand why people immigrate or become refugees the challenges,shard_05430_31638,3,True,exited_top10,3,18,-15,12,17,14,5.875,4.99,3,5.4325,6.1825,3.5,0.0,-3.5
224,I want to understand why people immigrate or become refugees the challenges,shard_05476_29129,3,True,entered_top10,20,3,17,3,5,3,6.9375,6.744623655913979,2,6.84106182795699,7.34106182795699,0.0,3.5,3.5
224,I want to understand why people immigrate or become refugees the challenges,shard_00796_30325,4,True,exited_top10,4,25,-21,20,27,23,5.5,4.689375,2,5.0946875,5.5946875,6.460148371100896,0.0,-6.460148371100896
224,I want to understand why people immigrate or become refugees the challenges,shard_02948_28845,3,True,entered_top10,46,4,42,4,3,4,6.6875,6.937500000000001,2,6.8125,7.3125,0.0,3.0147359065137516,3.0147359065137516
224,I want to understand why people immigrate or become refugees the challenges,shard_03020_73434,4,True,exited_top10,5,26,-21,13,36,26,5.875,3.8106250000000004,3,4.8428125,5.5928125,5.802792108518124,0.0,-5.802792108518124
224,I want to understand why people immigrate or become refugees the challenges,shard_05901_46551,4,True,stayed_top10,7,5,2,6,13,8,6.1875,5.370625,6,5.7790625,7.2790625,5.0,5.802792108518124,0.8027921085181244
224,I want to understand why people immigrate or become refugees the challenges,shard_00813_20619,4,True,exited_top10,6,31,-25,35,25,29,4.875,4.734375,2,4.8046875,5.3046875,5.343107806620332,0.0,-5.343107806620332
224,I want to understand why people immigrate or become refugees the challenges,shard_04655_75628,4,True,entered_top10,33,6,27,5,18,12,6.3125,4.94625,6,5.629375,7.129375,0.0,5.343107806620332,5.343107806620332
224,I want to understand why people immigrate or become refugees the challenges,shard_05460_31427,1,False,entered_top10,36,7,29,8,8,7,6.0625,5.571250000000001,5,5.8168750000000005,7.0668750000000005,0.0,0.3333333333333333,0.3333333333333333
224,I want to understand why people immigrate or become refugees the challenges,shard_03659_51021,2,True,exited_top10,8,22,-14,30,20,24,5.0625,4.91375,3,4.988125,5.738125,0.9463946303571862,0.0,-0.9463946303571862
224,I want to understand why people immigrate or become refugees the challenges,shard_04114_75172,2,True,entered_top10,26,8,18,7,6,5,6.1875,6.70703125,2,6.447265625,6.947265625,0.0,0.9463946303571862,0.9463946303571862
224,I want to understand why people immigrate or become refugees the challenges,shard_03813_84116,3,True,exited_top10,9,28,-19,15,29,21,5.8125,4.558125,1,5.1853125,5.4353125,2.1072099696478683,0.0,-2.1072099696478683
224,I want to understand why people immigrate or become refugees the challenges,shard_04111_32436,4,True,entered_top10,43,10,33,14,9,11,5.875,5.56625,4,5.720625,6.720625,0.0,4.3359723947683175,4.3359723947683175
224,I want to understand why people immigrate or become refugees the challenges,shard_04972_14260,3,True,exited_top10,10,41,-31,25,48,42,5.25,2.9562500000000003,3,4.103125,4.853125,2.023453784225215,0.0,-2.023453784225215
515,I'm interested in learning why cancer rates are rising particularly among young,shard_00906_41399,1,False,exited_top10,1,18,-17,34,12,23,5.875,7.064375,5,6.4696875,7.7196875,1.0,0.0,-1.0
515,I'm interested in learning why cancer rates are rising particularly among young,shard_05404_73859,0,False,entered_top10,28,1,27,9,14,8,6.9375,7.0443750000000005,6,6.9909375,8.490937500000001,0.0,0.0,0.0
515,I'm interested in learning why cancer rates are rising particularly among young,shard_02325_38810,0,False,stayed_top10,8,2,6,3,3,2,7.125,7.325000000000001,5,7.2250000000000005,8.475000000000001,0.0,0.0,0.0
515,I'm interested in learning why cancer rates are rising particularly among young,shard_05429_39042,2,True,stayed_top10,2,4,-2,25,9,14,6.375,7.108125,6,6.741562500000001,8.2415625,1.8927892607143724,1.2920296742201793,-0.600759586494193
515,I'm interested in learning why cancer rates are rising particularly among young,shard_01554_27295,1,False,stayed_top10,3,9,-6,38,5,22,5.8125,7.245625,6,6.5290625,8.0290625,0.5,0.3010299956639812,-0.1989700043360188
515,I'm interested in learning why cancer rates are rising particularly among young,shard_04158_71019,1,False,stayed_top10,6,3,3,16,4,10,6.625,7.295625000000001,6,6.960312500000001,8.4603125,0.3562071871080222,0.5,0.14379281289197782
515,I'm interested in learning why cancer rates are rising particularly among young,shard_05889_70719,1,False,stayed_top10,4,6,-2,42,1,16,5.5625,7.789375000000001,6,6.6759375,8.1759375,0.43067655807339306,0.3562071871080222,-0.07446937096537087
515,I'm interested in learning why cancer rates are rising particularly among young,shard_02941_24245,1,False,entered_top10,19,5,14,4,29,15,7.125,6.321875,6,6.7234375,8.2234375,0.0,0.38685280723454163,0.38685280723454163
515,I'm interested in learning why cancer rates are rising particularly among young,shard_03336_76694,1,False,exited_top10,5,11,-6,40,7,26,5.6875,7.161250000000001,6,6.424375,7.924375,0.38685280723454163,0.0,-0.38685280723454163
515,I'm interested in learning why cancer rates are rising particularly among young,shard_03429_77666,1,False,exited_top10,7,47,-40,30,49,46,6.0625,4.730625,2,5.3965625,5.8965625,0.3333333333333333,0.0,-0.3333333333333333
515,I'm interested in learning why cancer rates are rising particularly among young,shard_05821_72850,0,False,entered_top10,24,7,17,7,23,11,7.0,6.8412500000000005,5,6.920625,8.170625000000001,0.0,0.0,0.0
515,I'm interested in learning why cancer rates are rising particularly among young,shard_00906_26498,0,False,entered_top10,15,8,7,20,24,18,6.5625,6.688125,6,6.6253125,8.1253125,0.0,0.0,0.0
515,I'm interested in learning why cancer rates are rising particularly among young,shard_04510_23948,1,False,exited_top10,9,13,-4,1,2,1,7.25,7.5625,2,7.40625,7.90625,0.3010299956639812,0.0,-0.3010299956639812
515,I'm interested in learning why cancer rates are rising particularly among young,shard_03024_6782,0,False,entered_top10,16,10,6,12,13,9,6.875,7.0512500000000005,4,6.963125,7.963125,0.0,0.0,0.0
515,I'm interested in learning why cancer rates are rising particularly among young,shard_06288_39021,1,False,exited_top10,10,19,-9,27,34,34,6.3125,5.974375,6,6.1434375,7.6434375,0.2890648263178879,0.0,-0.2890648263178879
