system_id,model,method,candidate_depth,input_limit,document_count,chunk_count,fit_count,truncated_count,ndcg_at_10,delta_vs_bm25,relative_lift_vs_bm25,topic_losses,big_topic_losses,worst_topic,worst_delta,source_artifact,notes
mixedbread_ai_mxbai_rerank_base_v2__chunk_top4_weighted__st_chunk_eval_hits50_mixedbread_ai_mxbai_rerank_base_v2_ml1024_cm3500_ov350,mixedbread-ai/mxbai-rerank-base-v2,chunk_top4_weighted,50,1024,1100,13534,,,0.5399427110,0.1259815425,0.3043317878,4,1,224,-0.1858914471,tmp/st_chunk_eval_hits50_mixedbread_ai__mxbai_rerank_base_v2_ml1024_cm3500_ov350.json,
mixedbread_ai_mxbai_rerank_base_v2__chunk_top3_weighted__st_chunk_eval_hits50_mixedbread_ai_mxbai_rerank_base_v2_ml1024_cm3500_ov350,mixedbread-ai/mxbai-rerank-base-v2,chunk_top3_weighted,50,1024,1100,13534,,,0.5353629309,0.1214017624,0.2932684793,4,2,224,-0.1858914471,tmp/st_chunk_eval_hits50_mixedbread_ai__mxbai_rerank_base_v2_ml1024_cm3500_ov350.json,
mixedbread_ai_mxbai_rerank_base_v2__st_crossencoder__st_crossencoder_eval_hits50_mixedbread_ai_mxbai_rerank_base_v2_ml1024,mixedbread-ai/mxbai-rerank-base-v2,st_crossencoder,50,1024,1100,,,,0.5322243661,0.1182631976,0.2856866938,5,2,224,-0.2222050772,tmp/st_crossencoder_eval_hits50_mixedbread_ai__mxbai_rerank_base_v2_ml1024.json,
mixedbread_ai_mxbai_rerank_base_v2__chunk_mean_top3__st_chunk_eval_hits50_mixedbread_ai_mxbai_rerank_base_v2_ml1024_cm3500_ov350,mixedbread-ai/mxbai-rerank-base-v2,chunk_mean_top3,50,1024,1100,13534,,,0.5309067952,0.1169456266,0.2825038567,4,1,224,-0.2506939209,tmp/st_chunk_eval_hits50_mixedbread_ai__mxbai_rerank_base_v2_ml1024_cm3500_ov350.json,
mixedbread_ai_mxbai_rerank_base_v2__chunk_max__st_chunk_eval_hits50_mixedbread_ai_mxbai_rerank_base_v2_ml1024_cm3500_ov350,mixedbread-ai/mxbai-rerank-base-v2,chunk_max,50,1024,1100,13534,,,0.5239315476,0.1099703791,0.2656538522,7,1,224,-0.1517053415,tmp/st_chunk_eval_hits50_mixedbread_ai__mxbai_rerank_base_v2_ml1024_cm3500_ov350.json,
mixedbread_ai_mxbai_rerank_base_v2__st_crossencoder_longctx__st_crossencoder_longctx_hits50_mixedbread_ai_mxbai_rerank_base_v2_ctx32768_buf512,mixedbread-ai/mxbai-rerank-base-v2,st_crossencoder_longctx,50,32768,1100,,1079,21,0.5154219200,0.1014607515,0.2450972681,6,1,224,-0.1008225083,tmp/st_crossencoder_longctx_hits50_mixedbread_ai__mxbai_rerank_base_v2_ctx32768_buf512.json,
cross_encoder_ms_marco_MiniLM_L6_v2__seqcls__seqcls_eval_hits50_cross_encoder_ms_marco_MiniLM_L6_v2_ml512,cross-encoder/ms-marco-MiniLM-L6-v2,seqcls,50,512,1100,,,,0.4990558712,0.0850947027,0.2055620410,6,2,31,-0.2814230470,tmp/seqcls_eval_hits50_cross_encoder__ms_marco_MiniLM_L6_v2_ml512.json,runtime=seqcls
BAAI_bge_reranker_v2_m3__seqcls__seqcls_eval_hits50_BAAI_bge_reranker_v2_m3_ml1024,BAAI/bge-reranker-v2-m3,seqcls,50,1024,1100,,,,0.4903882668,0.0764270983,0.1846238346,6,3,224,-0.1858914471,tmp/seqcls_eval_hits50_BAAI__bge_reranker_v2_m3_ml1024.json,runtime=seqcls
Qwen_Qwen3_Reranker_0_6B__hybrid_full75_chunk25_margin__qwen_full_doc_margin_hits50_Qwen3_Reranker_0p6B_ml32768,Qwen/Qwen3-Reranker-0.6B,hybrid_full75_chunk25_margin,50,32768,1100,,1079,21,0.4892623970,0.0753012285,0.1819040873,6,4,224,-0.2150821739,tmp/qwen_full_doc_margin_hits50_Qwen3_Reranker_0p6B_ml32768.json,
Qwen_Qwen3_Reranker_0_6B__full_doc_probability_else_chunk__qwen_full_doc_margin_hits50_Qwen3_Reranker_0p6B_ml32768,Qwen/Qwen3-Reranker-0.6B,full_doc_probability_else_chunk,50,32768,1100,,1079,21,0.4820407811,0.0680796126,0.1644589342,6,5,37,-0.2042534325,tmp/qwen_full_doc_margin_hits50_Qwen3_Reranker_0p6B_ml32768.json,
Qwen_Qwen3_Reranker_0_6B__full_doc_margin_else_chunk__qwen_full_doc_margin_hits50_Qwen3_Reranker_0p6B_ml32768,Qwen/Qwen3-Reranker-0.6B,full_doc_margin_else_chunk,50,32768,1100,,1079,21,0.4785243927,0.0645632242,0.1559644457,6,6,37,-0.2060520588,tmp/qwen_full_doc_margin_hits50_Qwen3_Reranker_0p6B_ml32768.json,
Qwen_Qwen3_Reranker_0_6B__hybrid_full75_chunk25_probability__qwen_full_doc_margin_hits50_Qwen3_Reranker_0p6B_ml32768,Qwen/Qwen3-Reranker-0.6B,hybrid_full75_chunk25_probability,50,32768,1100,,1079,21,0.4761554472,0.0621942787,0.1502418184,6,4,37,-0.2207186418,tmp/qwen_full_doc_margin_hits50_Qwen3_Reranker_0p6B_ml32768.json,
Qwen_Qwen3_Reranker_0_6B__chunk_top3_margin__qwen_full_doc_margin_hits50_Qwen3_Reranker_0p6B_ml32768,Qwen/Qwen3-Reranker-0.6B,chunk_top3_margin,50,32768,1100,,1079,21,0.4665202182,0.0525590497,0.1269661353,7,5,224,-0.2583247297,tmp/qwen_full_doc_margin_hits50_Qwen3_Reranker_0p6B_ml32768.json,
Qwen_Qwen3_Reranker_0_6B__top3_weighted__qwen_aggregation_eval_hits50_Qwen3_Reranker_0p6B_ov0,Qwen/Qwen3-Reranker-0.6B,top3_weighted,50,6000,1100,7579,,,0.4649839734,0.0510228049,0.1232550509,7,5,224,-0.2562179815,tmp/qwen_aggregation_eval_hits50_Qwen3_Reranker_0p6B_ov0.json,"instruction=Given a web search query, retrieve relevant passages that answer the query"
Qwen_Qwen3_Reranker_0_6B__chunk_top3_probability__qwen_full_doc_margin_hits50_Qwen3_Reranker_0p6B_ml32768,Qwen/Qwen3-Reranker-0.6B,chunk_top3_probability,50,32768,1100,,1079,21,0.4649839734,0.0510228049,0.1232550509,7,5,224,-0.2562179815,tmp/qwen_full_doc_margin_hits50_Qwen3_Reranker_0p6B_ml32768.json,
Qwen_Qwen3_Reranker_0_6B__top4_weighted__qwen_aggregation_eval_hits50_Qwen3_Reranker_0p6B_ov0,Qwen/Qwen3-Reranker-0.6B,top4_weighted,50,6000,1100,7579,,,0.4615683544,0.0476071859,0.1150039895,7,5,224,-0.2406569368,tmp/qwen_aggregation_eval_hits50_Qwen3_Reranker_0p6B_ov0.json,"instruction=Given a web search query, retrieve relevant passages that answer the query"
Qwen_Qwen3_Reranker_0_6B__top3_weighted__qwen_aggregation_eval_hits50_Qwen3_Reranker_0p6B,Qwen/Qwen3-Reranker-0.6B,top3_weighted,50,6000,1100,7767,,,0.4583081461,0.0443469776,0.1071283515,8,4,224,-0.2977960584,tmp/qwen_aggregation_eval_hits50_Qwen3_Reranker_0p6B.json,"instruction=Given a web search query, retrieve relevant passages that answer the query"
Qwen_Qwen3_Reranker_4B__qwen_max__qwen_aggregation_eval_hits20_Qwen3_Reranker_4B,Qwen/Qwen3-Reranker-4B,qwen_max,20,,440,3099,,,0.4561669893,0.0422058208,0.1019559900,7,4,37,-0.3224467216,tmp/qwen_aggregation_eval_hits20_Qwen3_Reranker_4B.json,"instruction=Given a web search query, retrieve relevant passages that answer the query"
Qwen_Qwen3_Reranker_0_6B__qwen_max__qwen_aggregation_eval_hits50_Qwen3_Reranker_0p6B_ov0,Qwen/Qwen3-Reranker-0.6B,qwen_max,50,6000,1100,7579,,,0.4549598679,0.0409986994,0.0990399644,9,4,224,-0.2455346756,tmp/qwen_aggregation_eval_hits50_Qwen3_Reranker_0p6B_ov0.json,"instruction=Given a web search query, retrieve relevant passages that answer the query"
Qwen_Qwen3_Reranker_0_6B__top4_weighted__qwen_aggregation_eval_hits20_Qwen3_Reranker_0p6B,Qwen/Qwen3-Reranker-0.6B,top4_weighted,20,,440,3099,,,0.4516065334,0.0376453649,0.0909393627,9,4,224,-0.2619092207,tmp/qwen_aggregation_eval_hits20_Qwen3_Reranker_0p6B.json,"instruction=Given a web search query, retrieve relevant passages that answer the query"
Qwen_Qwen3_Reranker_4B__top3_weighted__qwen_aggregation_eval_hits20_Qwen3_Reranker_4B,Qwen/Qwen3-Reranker-4B,top3_weighted,20,,440,3099,,,0.4515029845,0.0375418160,0.0906892212,7,4,37,-0.3549384506,tmp/qwen_aggregation_eval_hits20_Qwen3_Reranker_4B.json,"instruction=Given a web search query, retrieve relevant passages that answer the query"
Qwen_Qwen3_Reranker_0_6B__qwen_max__qwen_aggregation_eval_hits50_Qwen3_Reranker_0p6B,Qwen/Qwen3-Reranker-0.6B,qwen_max,50,6000,1100,7767,,,0.4513516397,0.0373904712,0.0903236198,9,5,224,-0.3036821859,tmp/qwen_aggregation_eval_hits50_Qwen3_Reranker_0p6B.json,"instruction=Given a web search query, retrieve relevant passages that answer the query"
Qwen_Qwen3_Reranker_0_6B__qwen_max__qwen_aggregation_eval_hits50_Qwen3_Reranker_0p6B_gap2000,Qwen/Qwen3-Reranker-0.6B,qwen_max,50,6000,1100,7767,,,0.4513516397,0.0373904712,0.0903236198,9,5,224,-0.3036821859,tmp/qwen_aggregation_eval_hits50_Qwen3_Reranker_0p6B_gap2000.json,"instruction=Given a web search query, retrieve relevant passages that answer the query"
Qwen_Qwen3_Reranker_0_6B__qwen_max__qwen_aggregation_eval_hits50_Qwen3_Reranker_0p6B_gap3000,Qwen/Qwen3-Reranker-0.6B,qwen_max,50,6000,1100,7767,,,0.4513516397,0.0373904712,0.0903236198,9,5,224,-0.3036821859,tmp/qwen_aggregation_eval_hits50_Qwen3_Reranker_0p6B_gap3000.json,"instruction=Given a web search query, retrieve relevant passages that answer the query"
Qwen_Qwen3_Reranker_0_6B__top3_weighted__qwen_aggregation_eval_hits20_Qwen3_Reranker_0p6B,Qwen/Qwen3-Reranker-0.6B,top3_weighted,20,,440,3099,,,0.4507551383,0.0367939698,0.0888826599,7,4,224,-0.2619092207,tmp/qwen_aggregation_eval_hits20_Qwen3_Reranker_0p6B.json,"instruction=Given a web search query, retrieve relevant passages that answer the query"
Qwen_Qwen3_Reranker_0_6B__top3_bm25_fusion_a0p6__qwen_aggregation_eval_hits50_Qwen3_Reranker_0p6B_ov0,Qwen/Qwen3-Reranker-0.6B,top3_bm25_fusion_a0p6,50,6000,1100,7579,,,0.4504224888,0.0364613203,0.0880790834,8,1,224,-0.2761208300,tmp/qwen_aggregation_eval_hits50_Qwen3_Reranker_0p6B_ov0.json,"instruction=Given a web search query, retrieve relevant passages that answer the query"
Qwen_Qwen3_Reranker_0_6B__top4_weighted__qwen_aggregation_eval_hits50_Qwen3_Reranker_0p6B_gap2000,Qwen/Qwen3-Reranker-0.6B,top4_weighted,50,6000,1100,7767,,,0.4498007285,0.0358395600,0.0865771061,10,6,224,-0.2406569368,tmp/qwen_aggregation_eval_hits50_Qwen3_Reranker_0p6B_gap2000.json,"instruction=Given a web search query, retrieve relevant passages that answer the query"
Qwen_Qwen3_Reranker_0_6B__top4_weighted__qwen_aggregation_eval_hits50_Qwen3_Reranker_0p6B_gap3000,Qwen/Qwen3-Reranker-0.6B,top4_weighted,50,6000,1100,7767,,,0.4498007285,0.0358395600,0.0865771061,10,6,224,-0.2406569368,tmp/qwen_aggregation_eval_hits50_Qwen3_Reranker_0p6B_gap3000.json,"instruction=Given a web search query, retrieve relevant passages that answer the query"
Qwen_Qwen3_Reranker_0_6B__top3_weighted__qwen_aggregation_eval_hits50_Qwen3_Reranker_0p6B_gap2000,Qwen/Qwen3-Reranker-0.6B,top3_weighted,50,6000,1100,7767,,,0.4490912106,0.0351300421,0.0848631340,9,6,224,-0.2423513360,tmp/qwen_aggregation_eval_hits50_Qwen3_Reranker_0p6B_gap2000.json,"instruction=Given a web search query, retrieve relevant passages that answer the query"
Qwen_Qwen3_Reranker_0_6B__top3_weighted__qwen_aggregation_eval_hits50_Qwen3_Reranker_0p6B_gap3000,Qwen/Qwen3-Reranker-0.6B,top3_weighted,50,6000,1100,7767,,,0.4490912106,0.0351300421,0.0848631340,9,6,224,-0.2423513360,tmp/qwen_aggregation_eval_hits50_Qwen3_Reranker_0p6B_gap3000.json,"instruction=Given a web search query, retrieve relevant passages that answer the query"
Qwen_Qwen3_Reranker_4B__top4_weighted__qwen_aggregation_eval_hits20_Qwen3_Reranker_4B,Qwen/Qwen3-Reranker-4B,top4_weighted,20,,440,3099,,,0.4487664382,0.0348052697,0.0840785860,7,4,37,-0.3500637735,tmp/qwen_aggregation_eval_hits20_Qwen3_Reranker_4B.json,"instruction=Given a web search query, retrieve relevant passages that answer the query"
Qwen_Qwen3_Reranker_0_6B__top4_weighted__qwen_aggregation_eval_hits50_Qwen3_Reranker_0p6B,Qwen/Qwen3-Reranker-0.6B,top4_weighted,50,6000,1100,7767,,,0.4487112473,0.0347500788,0.0839452622,8,5,224,-0.2910518592,tmp/qwen_aggregation_eval_hits50_Qwen3_Reranker_0p6B.json,"instruction=Given a web search query, retrieve relevant passages that answer the query"
Qwen_Qwen3_Reranker_4B__qwen_max__qwen_aggregation_eval_hits50_Qwen3_Reranker_4B,Qwen/Qwen3-Reranker-4B,qwen_max,50,,1100,7767,,,0.4485499929,0.0345888244,0.0835557222,8,5,37,-0.3790959707,tmp/qwen_aggregation_eval_hits50_Qwen3_Reranker_4B.json,"instruction=Given a web search query, retrieve relevant passages that answer the query"
Qwen_Qwen3_Reranker_4B__top4_weighted__qwen_aggregation_eval_hits50_Qwen3_Reranker_4B,Qwen/Qwen3-Reranker-4B,top4_weighted,50,,1100,7767,,,0.4476749358,0.0337137673,0.0814418594,7,6,37,-0.4014531713,tmp/qwen_aggregation_eval_hits50_Qwen3_Reranker_4B.json,"instruction=Given a web search query, retrieve relevant passages that answer the query"
Qwen_Qwen3_Reranker_0_6B__max_plus_support__qwen_aggregation_eval_hits50_Qwen3_Reranker_0p6B_ov0,Qwen/Qwen3-Reranker-0.6B,max_plus_support,50,6000,1100,7579,,,0.4464881176,0.0325269491,0.0785748798,8,6,224,-0.3389591550,tmp/qwen_aggregation_eval_hits50_Qwen3_Reranker_0p6B_ov0.json,"instruction=Given a web search query, retrieve relevant passages that answer the query"
Qwen_Qwen3_Reranker_0_6B__qwen_max__qwen_aggregation_eval_hits20_Qwen3_Reranker_0p6B,Qwen/Qwen3-Reranker-0.6B,qwen_max,20,,440,3099,,,0.4461574245,0.0321962560,0.0777760293,10,3,224,-0.2438873458,tmp/qwen_aggregation_eval_hits20_Qwen3_Reranker_0p6B.json,"instruction=Given a web search query, retrieve relevant passages that answer the query"
Qwen_Qwen3_Reranker_0_6B__top3_bm25_fusion_a0p85__qwen_aggregation_eval_hits50_Qwen3_Reranker_0p6B,Qwen/Qwen3-Reranker-0.6B,top3_bm25_fusion_a0p85,50,6000,1100,7767,,,0.4460172630,0.0320560945,0.0774374433,8,3,224,-0.3303275339,tmp/qwen_aggregation_eval_hits50_Qwen3_Reranker_0p6B.json,"instruction=Given a web search query, retrieve relevant passages that answer the query"
Qwen_Qwen3_Reranker_4B__top3_weighted__qwen_aggregation_eval_hits50_Qwen3_Reranker_4B,Qwen/Qwen3-Reranker-4B,top3_weighted,50,,1100,7767,,,0.4455752541,0.0316140856,0.0763696887,8,5,37,-0.4014531713,tmp/qwen_aggregation_eval_hits50_Qwen3_Reranker_4B.json,"instruction=Given a web search query, retrieve relevant passages that answer the query"
Qwen_Qwen3_Reranker_0_6B__top3_bm25_fusion_a0p75__qwen_aggregation_eval_hits50_Qwen3_Reranker_0p6B_gap2000,Qwen/Qwen3-Reranker-0.6B,top3_bm25_fusion_a0p75,50,6000,1100,7767,,,0.4431033322,0.0291421637,0.0703983028,8,2,224,-0.2901583766,tmp/qwen_aggregation_eval_hits50_Qwen3_Reranker_0p6B_gap2000.json,"instruction=Given a web search query, retrieve relevant passages that answer the query"
Qwen_Qwen3_Reranker_0_6B__top3_bm25_fusion_a0p75__qwen_aggregation_eval_hits50_Qwen3_Reranker_0p6B_gap3000,Qwen/Qwen3-Reranker-0.6B,top3_bm25_fusion_a0p75,50,6000,1100,7767,,,0.4431033322,0.0291421637,0.0703983028,8,2,224,-0.2901583766,tmp/qwen_aggregation_eval_hits50_Qwen3_Reranker_0p6B_gap3000.json,"instruction=Given a web search query, retrieve relevant passages that answer the query"
Qwen_Qwen3_Reranker_0_6B__top3_bm25_fusion_a0p75__qwen_aggregation_eval_hits50_Qwen3_Reranker_0p6B_ov0,Qwen/Qwen3-Reranker-0.6B,top3_bm25_fusion_a0p75,50,6000,1100,7579,,,0.4406133949,0.0266522264,0.0643833974,8,3,224,-0.3012781119,tmp/qwen_aggregation_eval_hits50_Qwen3_Reranker_0p6B_ov0.json,"instruction=Given a web search query, retrieve relevant passages that answer the query"
Qwen_Qwen3_Reranker_0_6B__max_plus_support__qwen_aggregation_eval_hits20_Qwen3_Reranker_0p6B,Qwen/Qwen3-Reranker-0.6B,max_plus_support,20,,440,3099,,,0.4404049084,0.0264437399,0.0638797596,9,4,224,-0.2696254181,tmp/qwen_aggregation_eval_hits20_Qwen3_Reranker_0p6B.json,"instruction=Given a web search query, retrieve relevant passages that answer the query"
Qwen_Qwen3_Reranker_4B__max_plus_support__qwen_aggregation_eval_hits20_Qwen3_Reranker_4B,Qwen/Qwen3-Reranker-4B,max_plus_support,20,,440,3099,,,0.4402009190,0.0262397505,0.0633869852,7,4,37,-0.3549384506,tmp/qwen_aggregation_eval_hits20_Qwen3_Reranker_4B.json,"instruction=Given a web search query, retrieve relevant passages that answer the query"
Qwen_Qwen3_Reranker_4B__max_plus_support__qwen_aggregation_eval_hits50_Qwen3_Reranker_4B,Qwen/Qwen3-Reranker-4B,max_plus_support,50,,1100,7767,,,0.4385501840,0.0245890155,0.0593993286,9,6,37,-0.4014531713,tmp/qwen_aggregation_eval_hits50_Qwen3_Reranker_4B.json,"instruction=Given a web search query, retrieve relevant passages that answer the query"
Qwen_Qwen3_Reranker_0_6B__top3_bm25_fusion_a0p6__qwen_aggregation_eval_hits50_Qwen3_Reranker_0p6B,Qwen/Qwen3-Reranker-0.6B,top3_bm25_fusion_a0p6,50,6000,1100,7767,,,0.4378573317,0.0238961632,0.0577256154,10,1,224,-0.3429575590,tmp/qwen_aggregation_eval_hits50_Qwen3_Reranker_0p6B.json,"instruction=Given a web search query, retrieve relevant passages that answer the query"
Qwen_Qwen3_Reranker_0_6B__top3_bm25_fusion_a0p85__qwen_aggregation_eval_hits50_Qwen3_Reranker_0p6B_ov0,Qwen/Qwen3-Reranker-0.6B,top3_bm25_fusion_a0p85,50,6000,1100,7579,,,0.4364271310,0.0224659625,0.0542707003,9,4,224,-0.2958461356,tmp/qwen_aggregation_eval_hits50_Qwen3_Reranker_0p6B_ov0.json,"instruction=Given a web search query, retrieve relevant passages that answer the query"
Qwen_Qwen3_Reranker_0_6B__top3_bm25_fusion_a0p6__qwen_aggregation_eval_hits50_Qwen3_Reranker_0p6B_gap3000,Qwen/Qwen3-Reranker-0.6B,top3_bm25_fusion_a0p6,50,6000,1100,7767,,,0.4353391786,0.0213780100,0.0516425493,9,1,224,-0.3019710531,tmp/qwen_aggregation_eval_hits50_Qwen3_Reranker_0p6B_gap3000.json,"instruction=Given a web search query, retrieve relevant passages that answer the query"
Qwen_Qwen3_Reranker_0_6B__top3_bm25_fusion_a0p6__qwen_aggregation_eval_hits50_Qwen3_Reranker_0p6B_gap2000,Qwen/Qwen3-Reranker-0.6B,top3_bm25_fusion_a0p6,50,6000,1100,7767,,,0.4349080257,0.0209468572,0.0506010196,9,1,224,-0.3114564159,tmp/qwen_aggregation_eval_hits50_Qwen3_Reranker_0p6B_gap2000.json,"instruction=Given a web search query, retrieve relevant passages that answer the query"
Qwen_Qwen3_Reranker_0_6B__top3_bm25_fusion_a0p75__qwen_aggregation_eval_hits50_Qwen3_Reranker_0p6B,Qwen/Qwen3-Reranker-0.6B,top3_bm25_fusion_a0p75,50,6000,1100,7767,,,0.4332455206,0.0192843521,0.0465849301,8,3,224,-0.3341193732,tmp/qwen_aggregation_eval_hits50_Qwen3_Reranker_0p6B.json,"instruction=Given a web search query, retrieve relevant passages that answer the query"
Qwen_Qwen3_Reranker_0_6B__max_plus_support__qwen_aggregation_eval_hits50_Qwen3_Reranker_0p6B,Qwen/Qwen3-Reranker-0.6B,max_plus_support,50,6000,1100,7767,,,0.4308599588,0.0168987903,0.0408221631,10,6,224,-0.3486926890,tmp/qwen_aggregation_eval_hits50_Qwen3_Reranker_0p6B.json,"instruction=Given a web search query, retrieve relevant passages that answer the query"
Qwen_Qwen3_Reranker_0_6B__top3_bm25_fusion_a0p85__qwen_aggregation_eval_hits50_Qwen3_Reranker_0p6B_gap2000,Qwen/Qwen3-Reranker-0.6B,top3_bm25_fusion_a0p85,50,6000,1100,7767,,,0.4299664495,0.0160052809,0.0386637254,9,4,224,-0.2915535673,tmp/qwen_aggregation_eval_hits50_Qwen3_Reranker_0p6B_gap2000.json,"instruction=Given a web search query, retrieve relevant passages that answer the query"
Qwen_Qwen3_Reranker_0_6B__top3_bm25_fusion_a0p85__qwen_aggregation_eval_hits50_Qwen3_Reranker_0p6B_gap3000,Qwen/Qwen3-Reranker-0.6B,top3_bm25_fusion_a0p85,50,6000,1100,7767,,,0.4299664495,0.0160052809,0.0386637254,9,4,224,-0.2915535673,tmp/qwen_aggregation_eval_hits50_Qwen3_Reranker_0p6B_gap3000.json,"instruction=Given a web search query, retrieve relevant passages that answer the query"
Qwen_Qwen3_Reranker_0_6B__max_plus_support__qwen_aggregation_eval_hits50_Qwen3_Reranker_0p6B_gap2000,Qwen/Qwen3-Reranker-0.6B,max_plus_support,50,6000,1100,7767,,,0.4129979314,-0.0009632371,-0.0023268779,11,7,224,-0.3389591550,tmp/qwen_aggregation_eval_hits50_Qwen3_Reranker_0p6B_gap2000.json,"instruction=Given a web search query, retrieve relevant passages that answer the query"
Qwen_Qwen3_Reranker_0_6B__max_plus_support__qwen_aggregation_eval_hits50_Qwen3_Reranker_0p6B_gap3000,Qwen/Qwen3-Reranker-0.6B,max_plus_support,50,6000,1100,7767,,,0.4128344199,-0.0011267486,-0.0027218702,11,7,224,-0.3425564076,tmp/qwen_aggregation_eval_hits50_Qwen3_Reranker_0p6B_gap3000.json,"instruction=Given a web search query, retrieve relevant passages that answer the query"
