depth,topic_id,mixedbread,gte_modernbert,gte_modernbert_minus_mixedbread
50,14,0.3944783146278153,0.4212156648211631,0.02673735019334783
50,31,0.7866542675683991,0.8666637216656929,0.08000945409729388
50,37,0.6869821415371281,0.5891008379608358,-0.09788130357629232
50,58,0.6750831313432268,0.5777253652997979,-0.09735776604342894
50,72,0.6398172943848937,0.6601463832809027,0.02032908889600904
50,84,0.8509456706450844,0.727963129888911,-0.12298254075617343
50,144,0.17118402986510745,0.19924356580779418,0.02805953594268673
50,161,0.7113701623764291,0.6780837741999003,-0.03328638817652885
50,200,0.4107972603161667,0.513163442775593,0.1023661824594263
50,213,0.47171961596731476,0.3925456109801104,-0.07917400498720434
50,219,0.44293754505874683,0.27351511080972624,-0.1694224342490206
50,224,0.6094811397334552,0.6944394596473933,0.0849583199139381
50,225,0.323638409735521,0.20676190464873964,-0.11687650508678135
50,233,0.6564336823559541,0.5444472859273346,-0.11198639642861952
50,273,0.38397413736748176,0.4914788255919564,0.10750468822447462
50,300,0.39586254694511586,0.28643221111547007,-0.10943033582964579
50,407,0.4414434961186938,0.43149773624161764,-0.009945759877076188
50,477,0.7750559636232648,0.7913076558774561,0.01625169225419132
50,499,0.5804925033175422,0.6894047577864072,0.10891225446886499
50,515,0.2383667527254342,0.16141065252111694,-0.07695610020431726
50,707,0.368354574080794,0.4313512503564775,0.0629966762756835
50,897,0.4055495735030352,0.4305646292257339,0.025015055722698687
100,14,0.37067283342363305,0.679463585519496,0.308790752095863
100,31,0.7478373936781836,0.8397547020035334,0.09191730832534983
100,37,0.6278201645088869,0.5151334982767305,-0.1126866662321564
100,58,0.6844142357672922,0.6216851973124364,-0.06272903845485578
100,72,0.6705999100531418,0.5892721271707065,-0.08132778288243525
100,84,0.6066919120272201,0.6570020578165221,0.05031014578930204
100,144,0.17888865565000278,0.1924140207358009,0.01352536508579813
100,161,0.6276496472117096,0.718187969743051,0.09053832253134142
100,200,0.4509441786224432,0.5250293695931895,0.07408519097074628
100,213,0.6337501307674503,0.47575308123562055,-0.1579970495318298
100,219,0.4412173046942216,0.16795451059365515,-0.2732627941005664
100,224,0.5178768777530678,0.6692852815001272,0.15140840374705944
100,225,0.42791880332031157,0.43504907722652975,0.007130273906218176
100,233,0.814245513491105,0.7056629942291738,-0.10858251926193119
100,273,0.21268086894571242,0.41960135889000905,0.20692048994429663
100,300,0.505381672807834,0.4171907079771092,-0.08819096483072475
100,407,0.4864683755183644,0.4539030660007579,-0.0325653095176065
100,477,0.8422075561752694,0.7744944880346825,-0.06771306814058697
100,499,0.698859895409356,0.7002671152988174,0.001407219889461353
100,515,0.2383667527254342,0.15005264284935693,-0.08831410987607727
100,707,0.36282073761706163,0.40924209738860956,0.04642135977154793
100,897,0.4038738481619808,0.5871332407861873,0.18325939262420654
200,14,0.37067283342363305,0.40393231121419115,0.0332594777905581
200,31,0.6842166054792319,0.6681024036520022,-0.01611420182722967
200,37,0.5999402541769013,0.49791911507094794,-0.1020211391059534
200,58,0.6377640487635649,0.4850363371119813,-0.15272771165158355
200,72,0.6371590519744944,0.40713862934370737,-0.23002042263078704
200,84,0.486322415003,0.4621196096239047,-0.024202805379095305
200,144,0.15542405529468828,0.16940031925538915,0.013976263960700869
200,161,0.7090700547922731,0.8863847542578984,0.17731469946562528
200,200,0.4795863637630487,0.36007617233610556,-0.11951019142694314
200,213,0.7576291645243836,0.5726201733371441,-0.18500899118723946
200,219,0.480843713117351,0.07244190128572443,-0.4084018118316266
200,224,0.49259413235244914,0.579621683946688,0.08702755159423886
200,225,0.1580788787454839,0.35220474495029624,0.19412586620481234
200,233,0.54660961375027,0.5070691897719103,-0.03954042397835966
200,273,0.1903220884335748,0.33160317858848576,0.14128109015491097
200,300,0.37169895995197944,0.3550378319556781,-0.016661127996301317
200,407,0.4338297701107862,0.412122712633683,-0.02170705747710322
200,477,0.885159115321025,0.6562949139777766,-0.22886420134324836
200,499,0.6287870756894326,0.6258358977063667,-0.002951177983065878
200,515,0.2325765818610572,0.24592125812111298,0.013344676260055782
200,707,0.33401810438191615,0.3696625434474517,0.03564443906553555
200,897,0.3320397503020064,0.5096624095338455,0.17762265923183906
500,14,0.226669517205883,0.30489937269330536,0.07822985548742237
500,31,0.6983852786854876,0.2344517593822303,-0.4639335193032573
500,37,0.27935165091557007,0.36356161660291847,0.0842099656873484
500,58,0.6342539561588286,0.38716876118982535,-0.24708519496900327
500,72,0.4734332785946592,0.11691330427649542,-0.3565199743181638
500,84,0.36362277739134763,0.42907526271964563,0.065452485328298
500,144,0.10315266202736892,0.18307476374391873,0.07992210171654981
500,161,0.6707250378138699,0.8718776403837348,0.2011526025698649
500,200,0.3957412807694894,0.16772157871448287,-0.22801970205500652
500,213,0.8681371446070817,0.5436846019258872,-0.3244525426811945
500,219,0.5183660874270509,0.14998844637667585,-0.36837764105037507
500,224,0.3970392743335587,0.3741565053384592,-0.0228827689950995
500,225,0.08862683700276006,0.07083134243452432,-0.01779549456823573
500,233,0.5037118588027367,0.617910315820792,0.11419845701805531
500,273,0.1903220884335748,0.3976565855061955,0.2073344970726207
500,300,0.3695722001769438,0.294266372041854,-0.07530582813508979
500,407,0.4032322502285294,0.339226333475542,-0.06400591675298739
500,477,0.8887563679412626,0.6081857381082556,-0.28057062983300696
500,499,0.5731926086214529,0.5144084880796734,-0.058784120541779505
500,515,0.10749259157750796,0.17543685793958427,0.06794426636207632
500,707,0.33401810438191615,0.3396763129885324,0.005658208606616255
500,897,0.34458834559143425,0.37260452717739395,0.0280161815859597
1000,14,0.2775661477650444,0.17107096143834252,-0.10649518632670188
1000,31,0.5853502546497231,0.4030926780177936,-0.18225757663192954
1000,37,0.24314500358496285,0.3777801351579823,0.13463513157301946
1000,58,0.6499990893549195,0.31295639177961504,-0.3370426975753044
1000,72,0.43965451457477606,0.04543243496384961,-0.3942220796109264
1000,84,0.3352053616245883,0.3747046413803133,0.03949927975572498
1000,144,0.09074836870026276,0.1811533668008898,0.09040499810062705
1000,161,0.5324862226239432,0.6463248651982874,0.11383864257434417
1000,200,0.45866490032761403,0.30419577265472947,-0.15446912767288457
1000,213,0.8759820284911756,0.6881270557591079,-0.18785497273206764
1000,219,0.46039617152960277,0.16414461360178925,-0.29625155792781355
1000,224,0.41099236842588643,0.2952449739492521,-0.11574739447663435
1000,225,0.05725254298537244,0.004416948230292603,-0.05283559475507984
1000,233,0.48574449165448214,0.5770752360915032,0.0913307444370211
1000,273,0.17190927126725045,0.3426672087916381,0.17075793752438764
1000,300,0.3695722001769438,0.294266372041854,-0.07530582813508979
1000,407,0.43317705303516024,0.4341785818222876,0.001001528787127337
1000,477,0.7557559075523977,0.588168555458832,-0.1675873520935658
1000,499,0.5824790560703093,0.5059351282545329,-0.07654392781577635
1000,515,0.09637763390189079,0.1765425218126025,0.0801648879107117
1000,707,0.317608119294158,0.22947797204641315,-0.08813014724774484
1000,897,0.31489864443192345,0.30471423706577505,-0.010184407366148396
