topic_id,system,qrels_relevant_total_grade_ge_2,ndcg@10,precision@10,recall@10,hit_rate@10,relevant_count@10,graded_recall@10,precision@50,recall@50,hit_rate@50,relevant_count@50,graded_recall@50,ideal_dcg_coverage@50
14,bm25,695,0.3553332720985301,0.7,0.010071942446043165,1.0,7,0.010004547521600727,0.86,0.0618705035971223,1.0,43,0.059572532969531605,0.5828025587391205
14,coverage_aware_long_doc_aggregate,695,0.40944645938166035,1.0,0.014388489208633094,1.0,10,0.011368804001819008,0.86,0.0618705035971223,1.0,43,0.059572532969531605,0.5828025587391205
31,bm25,925,0.8478053202281971,1.0,0.010810810810810811,1.0,10,0.011467889908256881,1.0,0.05405405405405406,1.0,50,0.0563564875491481,0.8202566914396686
31,coverage_aware_long_doc_aggregate,925,0.839707813532602,1.0,0.010810810810810811,1.0,10,0.011795543905635648,1.0,0.05405405405405406,1.0,50,0.0563564875491481,0.8202566914396686
37,bm25,827,0.6389817973551067,0.8,0.009673518742442563,1.0,8,0.010501750291715286,0.88,0.053204353083434096,1.0,44,0.049786075457020615,0.547613205763845
37,coverage_aware_long_doc_aggregate,827,0.7179392201897458,1.0,0.012091898428053204,1.0,10,0.012446518864255154,0.88,0.053204353083434096,1.0,44,0.049786075457020615,0.547613205763845
58,bm25,516,0.5008083446148814,1.0,0.01937984496124031,1.0,10,0.01708898055391868,0.92,0.08914728682170543,1.0,46,0.07955215085444903,0.6186498789158178
58,coverage_aware_long_doc_aggregate,516,0.8232146682127397,1.0,0.01937984496124031,1.0,10,0.020624631703005304,0.92,0.08914728682170543,1.0,46,0.07955215085444903,0.6186498789158178
72,bm25,901,0.32365947166271863,1.0,0.011098779134295227,1.0,10,0.008382815228781,0.9,0.049944506104328525,1.0,45,0.04645476772616137,0.6033949938808156
72,coverage_aware_long_doc_aggregate,901,0.6748780673197992,1.0,0.011098779134295227,1.0,10,0.011177086971707998,0.9,0.049944506104328525,1.0,45,0.04645476772616137,0.6033949938808156
84,bm25,701,0.49180041527240637,1.0,0.014265335235378032,1.0,10,0.012838147638697846,0.92,0.06562054208273894,1.0,46,0.06464924346629987,0.6049610542960459
84,coverage_aware_long_doc_aggregate,701,0.7287271479351931,1.0,0.014265335235378032,1.0,10,0.015130674002751032,0.92,0.06562054208273894,1.0,46,0.06464924346629987,0.6049610542960459
144,bm25,421,0.08867584329647468,0.1,0.0023752969121140144,1.0,1,0.006715916722632639,0.1,0.011876484560570071,1.0,5,0.03290799194089993,0.13299946956723144
144,coverage_aware_long_doc_aggregate,421,0.19834425265273478,0.4,0.009501187648456057,1.0,4,0.010073875083948958,0.1,0.011876484560570071,1.0,5,0.03290799194089993,0.13299946956723144
161,bm25,687,0.6663255610722454,0.8,0.011644832605531296,1.0,8,0.013419713095788986,0.86,0.06259097525473072,1.0,43,0.05923183711244794,0.5749717017773649
161,coverage_aware_long_doc_aggregate,687,0.6767663092038004,0.9,0.013100436681222707,1.0,9,0.015270708005552984,0.86,0.06259097525473072,1.0,43,0.05923183711244794,0.5749717017773649
200,bm25,494,0.1400835882196266,0.2,0.004048582995951417,1.0,2,0.004383561643835616,0.3,0.030364372469635626,1.0,15,0.02684931506849315,0.25278885371363036
200,coverage_aware_long_doc_aggregate,494,0.3395298005092267,0.8,0.016194331983805668,1.0,8,0.01315068493150685,0.3,0.030364372469635626,1.0,15,0.02684931506849315,0.25278885371363036
213,bm25,173,0.11215979380890685,0.5,0.028901734104046242,1.0,5,0.015037593984962405,0.22,0.06358381502890173,1.0,11,0.05263157894736842,0.2519300247728689
213,coverage_aware_long_doc_aggregate,173,0.4878398530710569,0.7,0.04046242774566474,1.0,7,0.02756892230576441,0.22,0.06358381502890173,1.0,11,0.05263157894736842,0.2519300247728689
219,bm25,580,0.49335731559725,0.7,0.01206896551724138,1.0,7,0.011794871794871795,0.64,0.05517241379310345,1.0,32,0.052307692307692305,0.44072190408340545
219,coverage_aware_long_doc_aggregate,580,0.5701432227319616,0.8,0.013793103448275862,1.0,8,0.013846153846153847,0.64,0.05517241379310345,1.0,32,0.052307692307692305,0.44072190408340545
224,bm25,653,0.8164972118893085,1.0,0.015313935681470138,1.0,10,0.01639344262295082,0.92,0.07044410413476264,1.0,46,0.07119437939110071,0.6920174084712105
224,coverage_aware_long_doc_aggregate,653,0.7255305618843918,1.0,0.015313935681470138,1.0,10,0.01592505854800937,0.92,0.07044410413476264,1.0,46,0.07119437939110071,0.6920174084712105
225,bm25,555,0.2572640430261628,0.9,0.016216216216216217,1.0,9,0.012873025160912814,0.76,0.06846846846846846,1.0,38,0.0590988882387361,0.40127290036822677
225,coverage_aware_long_doc_aggregate,555,0.31652656754939007,0.9,0.016216216216216217,1.0,9,0.014043300175541252,0.76,0.06846846846846846,1.0,38,0.0590988882387361,0.40127290036822677
233,bm25,787,0.5438357471436231,0.9,0.011435832274459974,1.0,9,0.011064479206409768,0.8,0.05082592121982211,1.0,40,0.045784051888592144,0.5379317875490701
233,coverage_aware_long_doc_aggregate,787,0.7017231882080345,1.0,0.012706480304955527,1.0,10,0.012209080503624571,0.8,0.05082592121982211,1.0,40,0.045784051888592144,0.5379317875490701
273,bm25,330,0.32232755593747364,0.5,0.015151515151515152,1.0,5,0.011339475549255847,0.46,0.0696969696969697,1.0,23,0.057406094968107724,0.4825551998539312
273,coverage_aware_long_doc_aggregate,330,0.39868204365134496,0.6,0.01818181818181818,1.0,6,0.014883061658398299,0.46,0.0696969696969697,1.0,23,0.057406094968107724,0.4825551998539312
300,bm25,635,0.3546016102218591,0.9,0.014173228346456693,1.0,9,0.011276499774470004,0.74,0.05826771653543307,1.0,37,0.05277401894451962,0.5052787884197154
300,coverage_aware_long_doc_aggregate,635,0.45211188331097885,0.6,0.009448818897637795,1.0,6,0.010374379792512404,0.74,0.05826771653543307,1.0,37,0.05277401894451962,0.5052787884197154
407,bm25,296,0.2786364164872878,0.2,0.006756756756756757,1.0,2,0.010014306151645207,0.32,0.05405405405405406,1.0,16,0.05078683834048641,0.4225781876726762
407,coverage_aware_long_doc_aggregate,296,0.49881208607606403,0.3,0.010135135135135136,1.0,3,0.011444921316165951,0.32,0.05405405405405406,1.0,16,0.05078683834048641,0.4225781876726762
477,bm25,525,0.4559153326307295,0.7,0.013333333333333334,1.0,7,0.014582164890633763,0.62,0.05904761904761905,1.0,31,0.06001121704991587,0.48556737884324497
477,coverage_aware_long_doc_aggregate,525,0.5602226601535839,0.9,0.017142857142857144,1.0,9,0.017386427369601793,0.62,0.05904761904761905,1.0,31,0.06001121704991587,0.48556737884324497
499,bm25,609,0.6816109118659602,1.0,0.016420361247947456,1.0,10,0.016042780748663103,0.84,0.06896551724137931,1.0,42,0.06951871657754011,0.6880349338937114
499,coverage_aware_long_doc_aggregate,609,0.7198308504441044,0.9,0.014778325123152709,1.0,9,0.015556635877491492,0.84,0.06896551724137931,1.0,42,0.06951871657754011,0.6880349338937114
515,bm25,414,0.22992546074248424,0.1,0.0024154589371980675,1.0,1,0.006944444444444444,0.06,0.007246376811594203,1.0,3,0.027083333333333334,0.29829788604725727
515,coverage_aware_long_doc_aggregate,414,0.13510977179843714,0.0,0.0,0.0,0,0.004861111111111111,0.06,0.007246376811594203,1.0,3,0.027083333333333334,0.29829788604725727
707,bm25,586,0.20266645418694432,0.5,0.008532423208191127,1.0,5,0.008205689277899343,0.52,0.04436860068259386,1.0,26,0.04649890590809628,0.4461330036928144
707,coverage_aware_long_doc_aggregate,586,0.34829446817709603,0.5,0.008532423208191127,1.0,5,0.0087527352297593,0.52,0.04436860068259386,1.0,26,0.04649890590809628,0.4461330036928144
897,bm25,674,0.30487423990568174,1.0,0.01483679525222552,1.0,10,0.010767790262172285,0.78,0.057863501483679525,1.0,39,0.04915730337078652,0.4785911281420176
897,coverage_aware_long_doc_aggregate,674,0.2825964752277204,0.9,0.013353115727002967,1.0,9,0.010767790262172285,0.78,0.057863501483679525,1.0,39,0.04915730337078652,0.4785911281420176
