topic_id,metric,bm25,coverage_aware_long_doc_aggregate,delta_vs_bm25,is_regression,is_big_ndcg_regression,qrels_relevant_total_grade_ge_2
14,ndcg@10,0.3553332720985301,0.40944645938166035,0.05411318728313025,False,False,695
14,precision@10,0.7,1.0,0.30000000000000004,False,False,695
14,recall@10,0.010071942446043165,0.014388489208633094,0.00431654676258993,False,False,695
14,hit_rate@10,1.0,1.0,0.0,False,False,695
14,relevant_count@10,7,10,3,False,False,695
14,graded_recall@10,0.010004547521600727,0.011368804001819008,0.0013642564802182813,False,False,695
14,precision@50,0.86,0.86,0.0,False,False,695
14,recall@50,0.0618705035971223,0.0618705035971223,0.0,False,False,695
14,hit_rate@50,1.0,1.0,0.0,False,False,695
14,relevant_count@50,43,43,0,False,False,695
14,graded_recall@50,0.059572532969531605,0.059572532969531605,0.0,False,False,695
14,ideal_dcg_coverage@50,0.5828025587391205,0.5828025587391205,0.0,False,False,695
31,ndcg@10,0.8478053202281971,0.839707813532602,-0.008097506695595058,True,False,925
31,precision@10,1.0,1.0,0.0,False,False,925
31,recall@10,0.010810810810810811,0.010810810810810811,0.0,False,False,925
31,hit_rate@10,1.0,1.0,0.0,False,False,925
31,relevant_count@10,10,10,0,False,False,925
31,graded_recall@10,0.011467889908256881,0.011795543905635648,0.00032765399737876705,False,False,925
31,precision@50,1.0,1.0,0.0,False,False,925
31,recall@50,0.05405405405405406,0.05405405405405406,0.0,False,False,925
31,hit_rate@50,1.0,1.0,0.0,False,False,925
31,relevant_count@50,50,50,0,False,False,925
31,graded_recall@50,0.0563564875491481,0.0563564875491481,0.0,False,False,925
31,ideal_dcg_coverage@50,0.8202566914396686,0.8202566914396686,0.0,False,False,925
37,ndcg@10,0.6389817973551067,0.7179392201897458,0.07895742283463902,False,False,827
37,precision@10,0.8,1.0,0.19999999999999996,False,False,827
37,recall@10,0.009673518742442563,0.012091898428053204,0.002418379685610641,False,False,827
37,hit_rate@10,1.0,1.0,0.0,False,False,827
37,relevant_count@10,8,10,2,False,False,827
37,graded_recall@10,0.010501750291715286,0.012446518864255154,0.0019447685725398674,False,False,827
37,precision@50,0.88,0.88,0.0,False,False,827
37,recall@50,0.053204353083434096,0.053204353083434096,0.0,False,False,827
37,hit_rate@50,1.0,1.0,0.0,False,False,827
37,relevant_count@50,44,44,0,False,False,827
37,graded_recall@50,0.049786075457020615,0.049786075457020615,0.0,False,False,827
37,ideal_dcg_coverage@50,0.547613205763845,0.547613205763845,0.0,False,False,827
58,ndcg@10,0.5008083446148814,0.8232146682127397,0.32240632359785826,False,False,516
58,precision@10,1.0,1.0,0.0,False,False,516
58,recall@10,0.01937984496124031,0.01937984496124031,0.0,False,False,516
58,hit_rate@10,1.0,1.0,0.0,False,False,516
58,relevant_count@10,10,10,0,False,False,516
58,graded_recall@10,0.01708898055391868,0.020624631703005304,0.0035356511490866258,False,False,516
58,precision@50,0.92,0.92,0.0,False,False,516
58,recall@50,0.08914728682170543,0.08914728682170543,0.0,False,False,516
58,hit_rate@50,1.0,1.0,0.0,False,False,516
58,relevant_count@50,46,46,0,False,False,516
58,graded_recall@50,0.07955215085444903,0.07955215085444903,0.0,False,False,516
58,ideal_dcg_coverage@50,0.6186498789158178,0.6186498789158178,0.0,False,False,516
72,ndcg@10,0.32365947166271863,0.6748780673197992,0.3512185956570805,False,False,901
72,precision@10,1.0,1.0,0.0,False,False,901
72,recall@10,0.011098779134295227,0.011098779134295227,0.0,False,False,901
72,hit_rate@10,1.0,1.0,0.0,False,False,901
72,relevant_count@10,10,10,0,False,False,901
72,graded_recall@10,0.008382815228781,0.011177086971707998,0.0027942717429269986,False,False,901
72,precision@50,0.9,0.9,0.0,False,False,901
72,recall@50,0.049944506104328525,0.049944506104328525,0.0,False,False,901
72,hit_rate@50,1.0,1.0,0.0,False,False,901
72,relevant_count@50,45,45,0,False,False,901
72,graded_recall@50,0.04645476772616137,0.04645476772616137,0.0,False,False,901
72,ideal_dcg_coverage@50,0.6033949938808156,0.6033949938808156,0.0,False,False,901
84,ndcg@10,0.49180041527240637,0.7287271479351931,0.23692673266278674,False,False,701
84,precision@10,1.0,1.0,0.0,False,False,701
84,recall@10,0.014265335235378032,0.014265335235378032,0.0,False,False,701
84,hit_rate@10,1.0,1.0,0.0,False,False,701
84,relevant_count@10,10,10,0,False,False,701
84,graded_recall@10,0.012838147638697846,0.015130674002751032,0.0022925263640531865,False,False,701
84,precision@50,0.92,0.92,0.0,False,False,701
84,recall@50,0.06562054208273894,0.06562054208273894,0.0,False,False,701
84,hit_rate@50,1.0,1.0,0.0,False,False,701
84,relevant_count@50,46,46,0,False,False,701
84,graded_recall@50,0.06464924346629987,0.06464924346629987,0.0,False,False,701
84,ideal_dcg_coverage@50,0.6049610542960459,0.6049610542960459,0.0,False,False,701
144,ndcg@10,0.08867584329647468,0.19834425265273478,0.1096684093562601,False,False,421
144,precision@10,0.1,0.4,0.30000000000000004,False,False,421
144,recall@10,0.0023752969121140144,0.009501187648456057,0.007125890736342043,False,False,421
144,hit_rate@10,1.0,1.0,0.0,False,False,421
144,relevant_count@10,1,4,3,False,False,421
144,graded_recall@10,0.006715916722632639,0.010073875083948958,0.003357958361316319,False,False,421
144,precision@50,0.1,0.1,0.0,False,False,421
144,recall@50,0.011876484560570071,0.011876484560570071,0.0,False,False,421
144,hit_rate@50,1.0,1.0,0.0,False,False,421
144,relevant_count@50,5,5,0,False,False,421
144,graded_recall@50,0.03290799194089993,0.03290799194089993,0.0,False,False,421
144,ideal_dcg_coverage@50,0.13299946956723144,0.13299946956723144,0.0,False,False,421
161,ndcg@10,0.6663255610722454,0.6767663092038004,0.010440748131555044,False,False,687
161,precision@10,0.8,0.9,0.09999999999999998,False,False,687
161,recall@10,0.011644832605531296,0.013100436681222707,0.0014556040756914107,False,False,687
161,hit_rate@10,1.0,1.0,0.0,False,False,687
161,relevant_count@10,8,9,1,False,False,687
161,graded_recall@10,0.013419713095788986,0.015270708005552984,0.0018509949097639984,False,False,687
161,precision@50,0.86,0.86,0.0,False,False,687
161,recall@50,0.06259097525473072,0.06259097525473072,0.0,False,False,687
161,hit_rate@50,1.0,1.0,0.0,False,False,687
161,relevant_count@50,43,43,0,False,False,687
161,graded_recall@50,0.05923183711244794,0.05923183711244794,0.0,False,False,687
161,ideal_dcg_coverage@50,0.5749717017773649,0.5749717017773649,0.0,False,False,687
200,ndcg@10,0.1400835882196266,0.3395298005092267,0.1994462122896001,False,False,494
200,precision@10,0.2,0.8,0.6000000000000001,False,False,494
200,recall@10,0.004048582995951417,0.016194331983805668,0.012145748987854251,False,False,494
200,hit_rate@10,1.0,1.0,0.0,False,False,494
200,relevant_count@10,2,8,6,False,False,494
200,graded_recall@10,0.004383561643835616,0.01315068493150685,0.008767123287671234,False,False,494
200,precision@50,0.3,0.3,0.0,False,False,494
200,recall@50,0.030364372469635626,0.030364372469635626,0.0,False,False,494
200,hit_rate@50,1.0,1.0,0.0,False,False,494
200,relevant_count@50,15,15,0,False,False,494
200,graded_recall@50,0.02684931506849315,0.02684931506849315,0.0,False,False,494
200,ideal_dcg_coverage@50,0.25278885371363036,0.25278885371363036,0.0,False,False,494
213,ndcg@10,0.11215979380890685,0.4878398530710569,0.37568005926215003,False,False,173
213,precision@10,0.5,0.7,0.19999999999999996,False,False,173
213,recall@10,0.028901734104046242,0.04046242774566474,0.011560693641618498,False,False,173
213,hit_rate@10,1.0,1.0,0.0,False,False,173
213,relevant_count@10,5,7,2,False,False,173
213,graded_recall@10,0.015037593984962405,0.02756892230576441,0.012531328320802004,False,False,173
213,precision@50,0.22,0.22,0.0,False,False,173
213,recall@50,0.06358381502890173,0.06358381502890173,0.0,False,False,173
213,hit_rate@50,1.0,1.0,0.0,False,False,173
213,relevant_count@50,11,11,0,False,False,173
213,graded_recall@50,0.05263157894736842,0.05263157894736842,0.0,False,False,173
213,ideal_dcg_coverage@50,0.2519300247728689,0.2519300247728689,0.0,False,False,173
219,ndcg@10,0.49335731559725,0.5701432227319616,0.07678590713471162,False,False,580
219,precision@10,0.7,0.8,0.10000000000000009,False,False,580
219,recall@10,0.01206896551724138,0.013793103448275862,0.0017241379310344827,False,False,580
219,hit_rate@10,1.0,1.0,0.0,False,False,580
219,relevant_count@10,7,8,1,False,False,580
219,graded_recall@10,0.011794871794871795,0.013846153846153847,0.0020512820512820513,False,False,580
219,precision@50,0.64,0.64,0.0,False,False,580
219,recall@50,0.05517241379310345,0.05517241379310345,0.0,False,False,580
219,hit_rate@50,1.0,1.0,0.0,False,False,580
219,relevant_count@50,32,32,0,False,False,580
219,graded_recall@50,0.052307692307692305,0.052307692307692305,0.0,False,False,580
219,ideal_dcg_coverage@50,0.44072190408340545,0.44072190408340545,0.0,False,False,580
224,ndcg@10,0.8164972118893085,0.7255305618843918,-0.09096665000491666,True,False,653
224,precision@10,1.0,1.0,0.0,False,False,653
224,recall@10,0.015313935681470138,0.015313935681470138,0.0,False,False,653
224,hit_rate@10,1.0,1.0,0.0,False,False,653
224,relevant_count@10,10,10,0,False,False,653
224,graded_recall@10,0.01639344262295082,0.01592505854800937,-0.0004683840749414511,True,False,653
224,precision@50,0.92,0.92,0.0,False,False,653
224,recall@50,0.07044410413476264,0.07044410413476264,0.0,False,False,653
224,hit_rate@50,1.0,1.0,0.0,False,False,653
224,relevant_count@50,46,46,0,False,False,653
224,graded_recall@50,0.07119437939110071,0.07119437939110071,0.0,False,False,653
224,ideal_dcg_coverage@50,0.6920174084712105,0.6920174084712105,0.0,False,False,653
225,ndcg@10,0.2572640430261628,0.31652656754939007,0.05926252452322728,False,False,555
225,precision@10,0.9,0.9,0.0,False,False,555
225,recall@10,0.016216216216216217,0.016216216216216217,0.0,False,False,555
225,hit_rate@10,1.0,1.0,0.0,False,False,555
225,relevant_count@10,9,9,0,False,False,555
225,graded_recall@10,0.012873025160912814,0.014043300175541252,0.0011702750146284375,False,False,555
225,precision@50,0.76,0.76,0.0,False,False,555
225,recall@50,0.06846846846846846,0.06846846846846846,0.0,False,False,555
225,hit_rate@50,1.0,1.0,0.0,False,False,555
225,relevant_count@50,38,38,0,False,False,555
225,graded_recall@50,0.0590988882387361,0.0590988882387361,0.0,False,False,555
225,ideal_dcg_coverage@50,0.40127290036822677,0.40127290036822677,0.0,False,False,555
233,ndcg@10,0.5438357471436231,0.7017231882080345,0.15788744106441133,False,False,787
233,precision@10,0.9,1.0,0.09999999999999998,False,False,787
233,recall@10,0.011435832274459974,0.012706480304955527,0.0012706480304955532,False,False,787
233,hit_rate@10,1.0,1.0,0.0,False,False,787
233,relevant_count@10,9,10,1,False,False,787
233,graded_recall@10,0.011064479206409768,0.012209080503624571,0.0011446012972148034,False,False,787
233,precision@50,0.8,0.8,0.0,False,False,787
233,recall@50,0.05082592121982211,0.05082592121982211,0.0,False,False,787
233,hit_rate@50,1.0,1.0,0.0,False,False,787
233,relevant_count@50,40,40,0,False,False,787
233,graded_recall@50,0.045784051888592144,0.045784051888592144,0.0,False,False,787
233,ideal_dcg_coverage@50,0.5379317875490701,0.5379317875490701,0.0,False,False,787
273,ndcg@10,0.32232755593747364,0.39868204365134496,0.07635448771387132,False,False,330
273,precision@10,0.5,0.6,0.09999999999999998,False,False,330
273,recall@10,0.015151515151515152,0.01818181818181818,0.003030303030303029,False,False,330
273,hit_rate@10,1.0,1.0,0.0,False,False,330
273,relevant_count@10,5,6,1,False,False,330
273,graded_recall@10,0.011339475549255847,0.014883061658398299,0.0035435861091424516,False,False,330
273,precision@50,0.46,0.46,0.0,False,False,330
273,recall@50,0.0696969696969697,0.0696969696969697,0.0,False,False,330
273,hit_rate@50,1.0,1.0,0.0,False,False,330
273,relevant_count@50,23,23,0,False,False,330
273,graded_recall@50,0.057406094968107724,0.057406094968107724,0.0,False,False,330
273,ideal_dcg_coverage@50,0.4825551998539312,0.4825551998539312,0.0,False,False,330
300,ndcg@10,0.3546016102218591,0.45211188331097885,0.09751027308911975,False,False,635
300,precision@10,0.9,0.6,-0.30000000000000004,True,False,635
300,recall@10,0.014173228346456693,0.009448818897637795,-0.004724409448818898,True,False,635
300,hit_rate@10,1.0,1.0,0.0,False,False,635
300,relevant_count@10,9,6,-3,True,False,635
300,graded_recall@10,0.011276499774470004,0.010374379792512404,-0.0009021199819576001,True,False,635
300,precision@50,0.74,0.74,0.0,False,False,635
300,recall@50,0.05826771653543307,0.05826771653543307,0.0,False,False,635
300,hit_rate@50,1.0,1.0,0.0,False,False,635
300,relevant_count@50,37,37,0,False,False,635
300,graded_recall@50,0.05277401894451962,0.05277401894451962,0.0,False,False,635
300,ideal_dcg_coverage@50,0.5052787884197154,0.5052787884197154,0.0,False,False,635
407,ndcg@10,0.2786364164872878,0.49881208607606403,0.2201756695887762,False,False,296
407,precision@10,0.2,0.3,0.09999999999999998,False,False,296
407,recall@10,0.006756756756756757,0.010135135135135136,0.0033783783783783786,False,False,296
407,hit_rate@10,1.0,1.0,0.0,False,False,296
407,relevant_count@10,2,3,1,False,False,296
407,graded_recall@10,0.010014306151645207,0.011444921316165951,0.001430615164520744,False,False,296
407,precision@50,0.32,0.32,0.0,False,False,296
407,recall@50,0.05405405405405406,0.05405405405405406,0.0,False,False,296
407,hit_rate@50,1.0,1.0,0.0,False,False,296
407,relevant_count@50,16,16,0,False,False,296
407,graded_recall@50,0.05078683834048641,0.05078683834048641,0.0,False,False,296
407,ideal_dcg_coverage@50,0.4225781876726762,0.4225781876726762,0.0,False,False,296
477,ndcg@10,0.4559153326307295,0.5602226601535839,0.10430732752285443,False,False,525
477,precision@10,0.7,0.9,0.20000000000000007,False,False,525
477,recall@10,0.013333333333333334,0.017142857142857144,0.0038095238095238095,False,False,525
477,hit_rate@10,1.0,1.0,0.0,False,False,525
477,relevant_count@10,7,9,2,False,False,525
477,graded_recall@10,0.014582164890633763,0.017386427369601793,0.0028042624789680302,False,False,525
477,precision@50,0.62,0.62,0.0,False,False,525
477,recall@50,0.05904761904761905,0.05904761904761905,0.0,False,False,525
477,hit_rate@50,1.0,1.0,0.0,False,False,525
477,relevant_count@50,31,31,0,False,False,525
477,graded_recall@50,0.06001121704991587,0.06001121704991587,0.0,False,False,525
477,ideal_dcg_coverage@50,0.48556737884324497,0.48556737884324497,0.0,False,False,525
499,ndcg@10,0.6816109118659602,0.7198308504441044,0.03821993857814421,False,False,609
499,precision@10,1.0,0.9,-0.09999999999999998,True,False,609
499,recall@10,0.016420361247947456,0.014778325123152709,-0.001642036124794747,True,False,609
499,hit_rate@10,1.0,1.0,0.0,False,False,609
499,relevant_count@10,10,9,-1,True,False,609
499,graded_recall@10,0.016042780748663103,0.015556635877491492,-0.0004861448711716114,True,False,609
499,precision@50,0.84,0.84,0.0,False,False,609
499,recall@50,0.06896551724137931,0.06896551724137931,0.0,False,False,609
499,hit_rate@50,1.0,1.0,0.0,False,False,609
499,relevant_count@50,42,42,0,False,False,609
499,graded_recall@50,0.06951871657754011,0.06951871657754011,0.0,False,False,609
499,ideal_dcg_coverage@50,0.6880349338937114,0.6880349338937114,0.0,False,False,609
515,ndcg@10,0.22992546074248424,0.13510977179843714,-0.0948156889440471,True,False,414
515,precision@10,0.1,0.0,-0.1,True,False,414
515,recall@10,0.0024154589371980675,0.0,-0.0024154589371980675,True,False,414
515,hit_rate@10,1.0,0.0,-1.0,True,False,414
515,relevant_count@10,1,0,-1,True,False,414
515,graded_recall@10,0.006944444444444444,0.004861111111111111,-0.002083333333333333,True,False,414
515,precision@50,0.06,0.06,0.0,False,False,414
515,recall@50,0.007246376811594203,0.007246376811594203,0.0,False,False,414
515,hit_rate@50,1.0,1.0,0.0,False,False,414
515,relevant_count@50,3,3,0,False,False,414
515,graded_recall@50,0.027083333333333334,0.027083333333333334,0.0,False,False,414
515,ideal_dcg_coverage@50,0.29829788604725727,0.29829788604725727,0.0,False,False,414
707,ndcg@10,0.20266645418694432,0.34829446817709603,0.1456280139901517,False,False,586
707,precision@10,0.5,0.5,0.0,False,False,586
707,recall@10,0.008532423208191127,0.008532423208191127,0.0,False,False,586
707,hit_rate@10,1.0,1.0,0.0,False,False,586
707,relevant_count@10,5,5,0,False,False,586
707,graded_recall@10,0.008205689277899343,0.0087527352297593,0.0005470459518599567,False,False,586
707,precision@50,0.52,0.52,0.0,False,False,586
707,recall@50,0.04436860068259386,0.04436860068259386,0.0,False,False,586
707,hit_rate@50,1.0,1.0,0.0,False,False,586
707,relevant_count@50,26,26,0,False,False,586
707,graded_recall@50,0.04649890590809628,0.04649890590809628,0.0,False,False,586
707,ideal_dcg_coverage@50,0.4461330036928144,0.4461330036928144,0.0,False,False,586
897,ndcg@10,0.30487423990568174,0.2825964752277204,-0.02227776467796133,True,False,674
897,precision@10,1.0,0.9,-0.09999999999999998,True,False,674
897,recall@10,0.01483679525222552,0.013353115727002967,-0.0014836795252225529,True,False,674
897,hit_rate@10,1.0,1.0,0.0,False,False,674
897,relevant_count@10,10,9,-1,True,False,674
897,graded_recall@10,0.010767790262172285,0.010767790262172285,0.0,False,False,674
897,precision@50,0.78,0.78,0.0,False,False,674
897,recall@50,0.057863501483679525,0.057863501483679525,0.0,False,False,674
897,hit_rate@50,1.0,1.0,0.0,False,False,674
897,relevant_count@50,39,39,0,False,False,674
897,graded_recall@50,0.04915730337078652,0.04915730337078652,0.0,False,False,674
897,ideal_dcg_coverage@50,0.4785911281420176,0.4785911281420176,0.0,False,False,674
